NAME,NAME_FR,ADDRESS,ADDRES_FR,CITY,PROVINCE,PC,PC_ADDRESS,PHONE,EMAIL,DATE_MOD,WEB_1,WEB_2,ID,IMAGE,SUB,OBJECTID
COLES,COLES,100 Bayshore Drive,"100, prom Bayshore",Ottawa,ON,K2B 8C1,K2B 8C1,,,20180608,http://www.chapters.indigo.ca/home/,,FP335,,Bookstores,0
LIBRAIRIE COOPCO,LIBRAIRIE COOPCO,101 Saint-Jean-Bosco St,"101, rue Saint-Jean-Bosco",Gatineau,QC,K1K 4R3,K1K 4R3,819-773-1673,,20180608,,,FP339,,Bookstores,1
KALEIDOSCOPE KIDS' BOOKS,KALEIDOSCOPE KIDS' BOOKS,1018 Bank St,"1018, rue Bank",Ottawa,ON,K1S 3W8,K1S 3W8,,info@kaleidoscopekidsbooks.ca,20180608,http://www.kaleidoscopekidsbooks.ca/,,FP348,,Bookstores,2
PATRICK MCGAHERN BOOKS INC,PATRICK MCGAHERN BOOKS INC,11 Murray St,"11, rue Murray",Ottawa,ON,K1N 9M5,K1N 9M5,,,20180608,http://www.mcgahernbooks.ca/,,FP395,,Bookstores,3
OCTOPUS BOOKS,OCTOPUS BOOKS,116 Third Ave,"116, av Third",Ottawa,ON,K1S 2K1,K1S 2K1,613-233-2589,octopus@octopusbooks.ca,20180608,http://octopusbooks.ca,http://octopusbooks.ca,FP350,,Bookstores,4
BENJAMIN BOOKS,BENJAMIN BOOKS,122 Osgoode Street,"122, rue Osgoode",Ottawa,ON,K1N 6S1,K1N 6S1,613-232-7495,,20180608,,,FP368,,Bookstores,5
INDIGO BOOKS & MUSIC,INDIGO BOOKS & MUSIC,125 RioCan Avenue,"125, av Riocan",Ottawa,ON,K2J 5G4,K2J 5G4,,,20180608,http://www.chapters.indigo.ca/home/,,FP336,,Bookstores,6
THE BOOK COMPANY,THE BOOK COMPANY,128 Bank St,"128, rue Bank",Ottawa,ON,K1P 5N6,K1P 5N6,,,20180608,http://www.chapters.indigo.ca/home/,,FP355,,Bookstores,7
SERENDIPITY BOOKS & GIFTS,SERENDIPITY BOOKS & GIFTS,1337B Welllington St W,"1337B, rue Wellington Ouest",Ottawa,ON,K1Y 3B8,K1Y 3B8,613-722-3400,info@serendipitybooks-gifts.ca,20180608,http://www.serendipitybooks-gifts.ca/,,FP362,,Bookstores,8
THE COMIC BOOK SHOPPE,THE COMIC BOOK SHOPPE,1400 Clyde Avenue,"1400, av Clyde",Ottawa,ON,K2G 3J2,K2G 3J2,,,20180608,http://thecomicbookshoppe.com/,,FP377,,Bookstores,9
LIBRAIRE AGORA & CAFE INTERNET,LIBRAIRE AGORA & CAFE INTERNET,145 Besserer Street,"145, rue Besserer",Ottawa,ON,K1N 6A7,K1N 6A7,613-562-4672,,20180608,http://www.agorabookstore.ca/,,FP346,,Bookstores,10
Book Market - Nepean,Book Market - Nepean,1534 Merivale Rd,"1534, chemin Merivale",Ottawa,ON,K2G 3G4,K2G 3G4,613-226-3672,bookmarket@bellnet.ca,20180608,http://www.bookmarket.ca/index.html,,FP405,,Bookstores,11
BOUND 2 LEARN,BOUND 2 LEARN,16 Jarlan Terr,"16, tsse Jarlan",Ottawa,ON,K2L 3L6,K2L 3L6,,,20180608,http://www.bound2learn.com/,,FP402,,Bookstores,12
COIN DU LIVRE,COIN DU LIVRE,1657 Cyrville Rd,"1657, chemin Cyrville",Ottawa,ON,K1B 3L7,K1B 3L7,613-746-1242,,20180608,http://www.coindulivre.ca/accueil.php,,FP329,,Bookstores,13
Book Market - Orleans,Book Market - Orleans,1675 10th Line Rd,"1675, chemin 10th Line",Ottawa,ON,K1E 2H8,K1E 2H8,613-824-3198,bookmarket@bellnet.ca,20180608,http://www.bookmarket.ca/index.html,,FP404,,Bookstores,14
BOOK GALLERY,BOOK GALLERY,19 Lake Avenue West,"19, av Laurier Ouest",Carleton Place,ON,K7C 1L1,K7C 1L1,613-257-2373,,20180608,http://www.thebookgallery.ca/Home,,FP390,,Bookstores,15
LEARN TO LIVE BOOKSTORE,LEARN TO LIVE BOOKSTORE,190 Av Melrose,"190, av Melrose",Ottawa,ON,K1Y 4K7,K1Y 4K7,613-725-6326,,20180608,,,FP359,,Bookstores,16
Singing Pebble Books,Singing Pebble Books,201 Main St,"201, rue Main",Ottawa,ON,K1S 1C6,K1S 1C6,613-230-9165,info@singingpebblebooks.ca,20180608,http://www.singingpebblebooks.ca/index.html,http://www.singingpebblebooks.ca/index.html,FP374,,Bookstores,17
CHAPTERS,CHAPTERS,2210 Bank Street,"2210, rue Bank",Ottawa,ON,K1V 1J5,K1V 1J5,,,20180608,http://www.chapters.indigo.ca/home/,,FP367,,Bookstores,18
RENOUF BOOKS,RENOUF BOOKS,22-1010 Polytek St,"22-1010, rue Polytek",Ottawa,ON,K1J 9J1,K1J 9J1,,,20180608,http://www.renoufbooks.com/,,FP326,,Bookstores,19
COLES,COLES,2269 Riverside Drive,"2269, prom Riverside",Ottawa,ON,K1H 8K2,K1H 8K2,,,20180608,http://www.chapters.indigo.ca/home/,,FP370,,Bookstores,20
COMIC BOOK SHOPPE,COMIC BOOK SHOPPE,228 Bank St,"228, rue Bank",Ottawa,ON,K2P 1X1,K2P 1X1,,,20180608,http://thecomicbookshoppe.com/,,FP380,,Bookstores,21
CHAPTERS,CHAPTERS,2401 City Park Dr,"2401, prom City Park",Ottawa,ON,K1J 1G1,K1J 1G1,,,20180608,http://www.chapters.indigo.ca/home/?cookieCheck=1,,FP328,,Bookstores,22
TOWNGATE NEWS,TOWNGATE NEWS,2446 Bank St,"2446, rue Bank",Ottawa,ON,K1V 8S2,K1V 8S2,613-247-6397,,20180608,,,FP389,,Bookstores,23
MYTHS LEGENDS & HEROES,MYTHS LEGENDS & HEROES,256 Bank St #200,"200-256, rue Bank",Ottawa,ON,K2P 1X4,K2P 1X4,613-746-5772,mythslegendsandheroes@bellnet.ca,20180608,http://www.mythslegendsandheroes.com/,,FP381,,Bookstores,24
PERFECT BOOKS,PERFECT BOOKS,258A Elgin St,"258, rue Elgin",Ottawa,ON,K2P 1L9,K2P 1L9,613-231-6468,info@perfectbooks.ca,20180608,http://perfectbooks.ca/PB/,,FP354,,Bookstores,25
LIVRES DISQUES ETC,LIVRES DISQUES ETC,265 St Patrick St,"265, rue St. Patrick",Ottawa,ON,K1N 5K4,K1N 5K4,,,20180608,,,FP341,,Bookstores,26
CHAPTERS,CHAPTERS,2735 Iris St,"2735, rue Iris",Ottawa,ON,K2C 3Z7,K2C 3Z7,,,20180608,http://www.chapters.indigo.ca/home/,,FP365,,Bookstores,27
ST PATRICK'S GIFT SHOP & BOOK,ST PATRICK'S GIFT SHOP & BOOK,281 Nepean Street,"281, rue Nepean",Ottawa,ON,K1R 1B4,K1R 1B4,,,20180608,http://stpatscathedralgiftshop.com/,,FP357,,Bookstores,28
LIBRAIRIE DU SOLEIL,LIBRAIRIE DU SOLEIL,33 George St,"33, rue George",Ottawa,ON,K1N 8W5,K1N 8W5,613-241-6999,,20180608,https://dusoleil.leslibraires.ca/,,FP342,,Bookstores,29
WIZARD'S TOWER,WIZARD'S TOWER,3350 Fallowfield Road,"3350, chemin Fallowfield",Ottawa,ON,K2J 5L1,K2J 5L1,613.843.0705,,20180608,http://www.wizardtower.com/,,FP378,,Bookstores,30
GREAT CANADIAN BOOK STORE,GREAT CANADIAN BOOK STORE,3353-1000 Airport Parkway Pvt,"3353-1000, rue Airport Parkway",Ottawa,ON,K1V 9B4,K1V 9B4,613-249-8415,,20180608,,,FP366,,Bookstores,31
BOOKS ON BEECHWOOD,BOOKS ON BEECHWOOD,35 Beechwood Avenue,"35, av Beechwood",Ottawa,ON,K1M 1M1,K1M 1M1,613-742-5030,staff@booksonbeechwood.ca,20180608,https://booksonbeechwood.ca/,,FP371,,Bookstores,32
AFTER STONEWALL,AFTER STONEWALL,370 Bank St,"370, rue Bank",Ottawa,ON,K2P 1Y4,K2P 1Y4,613-233-5258,,20180608,,,FP353,,Bookstores,33
Book Market - Bell's Corners,Book Market - Bell's Corners,3754 Richmond Rd,"3754, chemin Richmond",Ottawa,ON,K2H 5Z6,K2H 5Z6,613-820-0520,bookmarket@bellnet.ca,20180608,http://www.bookmarket.ca/index.html,,FP406,,Bookstores,34
CHAPTERS,CHAPTERS,400 Earl Grey Drive,"400, prom Earl Grey",Ottawa,ON,K2T 1B9,K2T 1B9,,,20180608,http://www.chapters.indigo.ca/home/,,FP330,,Bookstores,35
BOOK BAZAAR,BOOK BAZAAR,417 Bank Street,"417, rue Bank",Ottawa,ON,K2P 1Y6,K2P 1Y6,613-233-4380,info@bookbazaar.ca,20180608,http://www.bookbazaar.ca/,,FP394,,Bookstores,36
MAGS PLUS INC,MAGS PLUS INC,420 Rideau St,"420, rue Rideau",Ottawa,ON,K1N 5Z1,K1N 5Z1,613-241-4094,,20180608,,,FP383,,Bookstores,37
HAVEN BOOKS,HAVEN BOOKS,43 Seneca St,"43, rue Seneca",Ottawa,ON,K1S 4X2,K1S 4X2,613-730-9888,havenbooks@cusaonline.ca,20180608,https://havenbooks.ca/,,FP399,,Bookstores,38
LIBRAIRIE DU CTR,LIBRAIRIE DU CTR,435 Donald St,"435, rue Donald",Ottawa,ON,K1K 4X5,K1K 4X5,,,20180608,,,FP340,,Bookstores,39
CHAPTERS,CHAPTERS,47 Rideau Street,"47, rue Rideau",Ottawa,ON,K1N 5W8,K1N 5W8,,,20180608,http://www.chapters.indigo.ca/home/,,FP344,,Bookstores,40
HEALTH SCIENCES BOOK STORE,HEALTH SCIENCES BOOK STORE,501 Smyth Road,"501, chemin Smyth",Ottawa,ON,K1H 8L6,K1H 8L6,613-737-8847,,20180608,,,FP369,,Bookstores,41
Black Squirrel Books,Black Squirrel Books,508 Bank St,"508, rue Bank",Ottawa,ON,K2P 1Z4,K2P 1Z4,613-422 - 9050,,20180608,https://www.blacksquirrelbooks.ca/,,FP375,,Bookstores,42
AM PRODUCTIONS,AM PRODUCTIONS,530 Lacolle Way,"530, voie Lacolle",Ottawa,ON,K4A 0N9,K4A 0N9,613-745-3098,info@amproductions.ca,20180608,http://www.amproductions.ca/,,FP400,,Bookstores,43
CHAPTERS INC,CHAPTERS INC,56 Sparks Street,"56, rue Sparks",Ottawa,ON,K1P 5A9,K1P 5A9,,,20180608,http://www.chapters.indigo.ca/home/,,FP360,,Bookstores,44
CROSSTOWN TRAFFIC,CROSSTOWN TRAFFIC,593-C Bank St.,"593C, rue Bank",Ottawa,ON,K1S 3T4,K1S 3T4,,crosstowntraffic@rogers.com,20180608,http://www.crosstowntraffic.ca/,,FP351,,Bookstores,45
LIBRAIRIE DU VERMILLON,LIBRAIRIE DU VERMILLON,6600 Carri�re St,"6600, rue Carri�re",Ottawa,ON,K1C 1J4,K1C 1J4,613-830-0644,,20180608,,,FP337,,Bookstores,46
CAPITAL BOOK STORE,CAPITAL BOOK STORE,708 Somerset St W,"708, rue Somerset Ouest",Ottawa,ON,K1R 6P6,K1R 6P6,,,20180608,,,FP358,,Bookstores,47
CHRI 99.1,CHRI 99.1,1010 Thomas Spratt Place,"1010, place Thomas Spratt",Ottawa,ON,K1G 5L5,K1G 5L5,,,20180608,http://www.chri.ca/site/,,FP424,,Broadcasting,48
98.5 THE JEWEL,98.5 THE JEWEL,127 York Street,"127, rue York",Ottawa,ON,K1N 5T4,K1N 5T4,,,20180608,http://www.jewelradio.com/985/,,FP413,,Broadcasting,49
CKDJ 107.9,CKDJ 107.9,1385 Woodroffe Avenue,"1385, av Woodroffe",Ottawa,ON,K2G 1V8,K2G 1V8,,,20180608,http://www.ckdj.net/,,FP411,,Broadcasting,50
BOOM 99.7,BOOM 99.7,1504 Merivale Road,"1504, chemin Merivale",Ottawa,ON,K2E 6Z5,K2E 6Z5,,,20180608,http://www.boom997.com/,,FP425,,Broadcasting,51
CBC,Radio-Canada,181 Queen St,"181, rue Queen",Ottawa,ON,K1P 1K9,K1P 1K9,,,20180608,http://www.cbc.ca/news/canada/ottawa,,FP3000,,Broadcasting,52
TV Rogers 23,TV Rogers 23,1810 St. Laurent Blvd,"1810, boul St. Laurent",Ottawa,ON,K1G 1A2,K1G 1A2,(613) 521-2323,,20141006,http://www.tvrogers.com/page.aspx?lid=14&rid=5,http://www.tvrogers.com/page.aspx?lid=14&rid=5,FP901,,Broadcasting,53
CHEZ 106.9,CHEZ 106.9,2001 Thurston Drive,"2001, prom Thurston",Ottawa,ON,K1G 6C9,K1G 6C9,,,20180608,http://www.chez106.com/,,FP410,,Broadcasting,54
Y101,Y101,2001 Thurston Drive,"2001, prom Thurston",Ottawa,ON,K1G 6C9,K1G 6C9,,,20180608,http://www.y101.fm/,,FP416,,Broadcasting,55
92.3 JACK FM,92.3 JACK FM,2001 Thurston Drive,"2001, prom Thurston",Ottawa,ON,K1G 6C9,K1G 6C9,,,20180608,http://www.923jackfm.com/,,FP420,,Broadcasting,56
KISS FM 105.3,KISS FM 105.3,2001 Thurston Drive,"2001, prom Thurston",Ottawa,ON,K1G 6C9,K1G 6C9,,,20180608,http://www.1053kissfm.com/,,FP426,,Broadcasting,57
CHIN RADIO OTTAWA 97.9,CHIN RADIO OTTAWA 97.9,30 Murray Street,"30, rue Murray",Ottawa,ON,K1N 5M4,K1N 5M4,,,20180608,http://www.chinradioottawa.com/,,FP423,,Broadcasting,58
DAWG FM,DAWG FM,380 Hunt Club Road,"380, chemin Hunt Club",Ottawa,ON,K1V 1C1,K1V 1C1,,,20180608,http://www.dawgfm.com/,,FP417,,Broadcasting,59
1310 NEWS,1310 NEWS,45 O'Connor Street,"45, rue O'Connor",Ottawa,ON,K1P 1A4,K1P 1A4,,,20180608,http://www.1310news.com/,,FP427,,Broadcasting,60
Rogers,Rogers,475 Richmond Road,"475, chemin Richmond",Ottawa,ON,K2A 0G3,K2A 0G3,,,20180608,http://www.rogerstv.com/page.aspx?lid=14&rid=4,,FP431,,Broadcasting,61
International Datacasting,International Datacasting,50 Frank Nighbor Place,"50, place Frank Nighbor",Ottawa,ON,K2V 1B9,K2V 1B9,,,20180608,http://www.datacast.com/,,FP432,,Broadcasting,62
HOT 89.9,HOT 89.9,6 Antares Drive,"6, prom Antares",Ottawa,ON,K2E 8A9,K2E 8A9,,,20180608,http://www.hot899.com/,,FP412,,Broadcasting,63
LIVE 88.5,LIVE 88.5,6 Antares Drive,"6, prom Antares",Ottawa,ON,K2E 8A9,K2E 8A9,,,20180608,http://www.live885.com/,,FP418,,Broadcasting,64
CHUO 89.1FM,CHUO 89.1FM,65 University Private,"65, rue University",Ottawa,ON,K1N 9A5,K1N 9A5,,,20180608,http://chuo.fm/,,FP419,,Broadcasting,65
GUSTO!,GUSTO!,66 Muriel St,"66, rue Muriel",Ottawa,ON,K1S 4E1,K1S 4E1,,,20180608,http://knight-tv.com/,,FP430,,Broadcasting,66
CTV,CTV,87 George St,"87, rue George",Ottawa,ON,K1N 9H7,K1N 9H7,,,20180608,http://ottawa.ctvnews.ca/,,FP428,,Broadcasting,67
CTV TWO,CTV TWO,87 George St,"87, rue George",Ottawa,ON,K1N 9H7,K1N 9H7,,,20180608,http://ottawa.ctvnews.ca/,,FP429,,Broadcasting,68
580 CFRA News Talk Radio,580 CFRA News Talk Radio,87 George Street,"87, rue George",Ottawa,ON,K1H 9H7,K1H 9H7,,,20180608,http://www.cfra.com/,,FP409,,Broadcasting,69
MAJIC 100,MAJIC 100,87 George Street,"87, rue George",Ottawa,ON,K1H 9H7,K1H 9H7,,,20180608,http://www.iheartradio.ca/majic-100-3,,FP414,,Broadcasting,70
GALERIE D'ART VINCENT,GALERIE D'ART VINCENT,1 Rideau Street,"1, rue Rideau",Ottawa,ON,K1N 8S7,K1N 8S7,613-241-1144,info@galleryvincent.com,20180611,http://vincent.inuitfinearts.com/en/default.aspx,,FP4,,Commercial Galleries,71
DETOUR GALLERY,DETOUR GALLERY,101-117 Murray Street,"101-117, rue Murray",Ottawa,ON,K1N 5M5,K1N 5M5,613-860-3278,,20180611,http://www.ottawaoncanvas.com/art_galleries/biz.php?biz=detour_gallery_8206_,,FP9,,Commercial Galleries,72
Framed,Framed,1075 Bank Street,"1075, rue Bank",Ottawa,ON,K1S 3W9,K1S 3W9,613-730-0477,info@framed.ca,20180611,http://www.framed.ca/,,FP10,,Commercial Galleries,73
arts&architecture,arts&architecture,1181 Bank Street,"1181, rue Bank",Ottawa,ON,K1S 3X7,K1S 3X7,,,20180611,http://www.artsandarchitecture.ca/,,FP33,,Commercial Galleries,74
The Cube Gallery,The Cube Gallery,1285 Wellington Street West,"1285, rue Wellington Ouest",Ottawa,ON,K1Y 3A8,K1Y 3A8,613-728-2111,,20180611,http://cubegallery.ca/,,FP21,,Commercial Galleries,75
L. A. Pai Gallery,Lafreni�re and Pai Gallery,13 Murray St,"13, rue Murray",Ottawa,ON,K1N 9M5,K1N 9M5,613-241-2767,info@lapaigallery.com,20180611,http://www.lapaigallery.com/,,FP29,,Commercial Galleries,76
MODERN PAINTING & FRAMING SHOP,MODERN PAINTING & FRAMING SHOP,1315 Richmond Rd,"1315, chemin Richmond",Ottawa,ON,K2B 8J7,K2B 8J7,613-596-5684,edman642003@yahoo.ca,20180611,http://www.modernpaintingandframing.com/,,FP19,,Commercial Galleries,77
IMAGES ON BANK,IMAGES ON BANK,147 Bank Street,"147, rue Bank",Ottawa,ON,K1P 5N7,K1P 5N7,(613) 236-1690,,20180611,http://www.imagesonbank.ca/,,FP18,,Commercial Galleries,78
GALERIE D'ART JEAN-CLAUDE BERGERON,GALERIE D'ART JEAN-CLAUDE BERGERON,150 St. Patrick St,"150, rue St. Patrick",Ottawa,ON,K1N 5J8,K1N 5J8,613-562-7836,,20180611,http://galeriejeanclaudebergeron.ca/,,FP5,,Commercial Galleries,79
PATRICK GORDON FRAMING,PATRICK GORDON FRAMING,160 Elm St,"160, rue Elm",Ottawa,ON,K1R 6N5,K1R 6N5,613-232-7146,info@patrickgordonframing.ca,20180611,http://www.patrickgordonframing.ca/,,FP11,,Commercial Galleries,80
Ottawa Studio Works,Ottawa Studio Works,160 Preston St.,"160, rue Preston",Ottawa,ON,K1R 7P7,K1R 7P7,819-827-9460,info@ottawastudioworks.com,20180611,http://www.ottawastudioworks.com/,,FP45,,Commercial Galleries,81
ROTHWELL GALLERY,ROTHWELL GALLERY,1718 Montreal Road,"1718, chemin Montreal",Ottawa,ON,K1J 6N5,K1J 6N5,613-745-6410,rothwellgallery@gmail.com,20180611,http://www.rothwellgallery.com/,,FP17,,Commercial Galleries,82
Koyman Gallery,Koyman Gallery - St Laurent,1771 St Laurent Boulevard,"1771, boul St. Laurent",Ottawa,ON,K1G 3V4,K1G 3V4,613-526-1562,information@koymangalleries.com,20180611,http://www.koymangalleries.com/,,FP47,,Commercial Galleries,83
Bernard Poulin Studios,Ateliers Bernard Poulin,20 The Driveway,20 The Driveway,Ottawa,ON,K2P 1V2,K2P 1V2,(613) 526-2634,poulin@poulinstudios.com,20180611,http://www.bernardpoulin.com/,,FP2000,,Commercial Galleries,84
Studio Sixty Six,Studio Sixty Six,202-66 Muriel St,"202-66, rue Muriel",Ottawa,ON,K1S 4E1,K1S 4E1,613-355-0359,info@studiosixtysix.ca,20180611,http://www.studiosixtysix.ca/,http://www.studiosixtysix.ca/,FP800,,Commercial Galleries,85
Framing & Art Centre,Framing & Art Centre,24 Northside Road,"24, ch Northside",Ottawa,ON,K2H 5Z3,K2H 5Z3,613-829-8732,framingartnepean@on.aibn.com,20180611,http://www.nepean.framingartcentre.com/,,FP52,,Commercial Galleries,86
Patrick Mikhail Gallery,Patrick Mikhail Gallery,2401 BANK STREET,"2401, rue Bank",Ottawa,ON,K1V 8R9,K1V 8R9,613-746-0690,gallery@patrickmikhailgallery.com,20180611,http://www.patrickmikhailgallery.com/,,FP30,,Commercial Galleries,87
BRITANNIA ART GALLERY,BRITANNIA ART GALLERY,2728 Howe Street,"2728, rue Howe",Ottawa,ON,K2B 6W8,K2B 6W8,613-721-1559,,20180611,,,FP14,,Commercial Galleries,88
Orange Art Gallery,Orange Art Gallery,290 City Centre Ave,"290, av City Centre",Ottawa,ON,K1Y 2W5,K1Y 2W5,613-761-1500,orangeartgallery@bellnet.ca,20180611,http://orangeartgallery.ca/artists.htm,,FP25,,Commercial Galleries,89
Gallerie St-Laurent + Hill,Gallerie St-Laurent + Hill,293 Dalhousie St,"293, rue Dalhousie",Ottawa,ON,K1N 7E5,K1N 7E5,613-789-7145,info@galeriestlaurentplushill.com,20180611,http://www.galeriestlaurentplushill.com/,,FP32,,Commercial Galleries,90
WALL SPACE,WALL SPACE,358 Richmond Road,"358, chemin Richmond",Ottawa,ON,K2A 0E8,K2A 0E8,613-729-0003,,20180611,http://www.wallspacegallery.ca/,,FP13,,Commercial Galleries,91
VILLAGE SQUARE ART GALLERY,VILLAGE SQUARE ART GALLERY,3759 Carp Rd,"3759, chemin Carp",Ottawa,ON,K0A 1L0,K0A 1L0, 613-839-5400,,20180611,,,FP1,,Commercial Galleries,92
Michael Gennis Gallery,Michael Gennis Gallery,416 RICHMOND ROAD,"416, chemin Richmond",Ottawa,ON,K2A 0G2,K2A 0G2,,,20180611,,,FP26,,Commercial Galleries,93
Gordon Harrison Gallery,Gordon Harrison Gallery,495 Sussex Drive,"495, prom Sussex",Ottawa,ON,K1N 6Z5,K1N 6Z5,613-746-6853,info@gordonharrisongallery.com,20180611,http://www.gordonharrisongallery.com/,,FP27,,Commercial Galleries,94
WALL SPACE (Train Yards),WALL SPACE (Train Yards),"505 Industrial Avenue, Unit 6","6-505, av Industrial",Ottawa,ON,K1G 0Z1,K1G 0Z1,613-834-0872,,20180611,http://www.wallspacegallery.ca/,,FP3,,Commercial Galleries,95
Platform Gallery and Studios,Platform Gallery and Studios,51-B Young Street,"51B, rue Young",Ottawa,ON,K1S 3H6,K1S 3H6,,,20180611,https://platformgalleryandstudios.tumblr.com/,,FP40,,Commercial Galleries,96
Art Flow Gallery,Art Flow Gallery,60-838 Somerset St W,"60-838, rue Somerset Ouest",Ottawa,ON,K1R 6R7,K1R 6R7,,info@artflowgallery.ca,20180611,http://www.artflowgallery.ca/,,FP43,,Commercial Galleries,97
Central Art Garage,Central Art Garage,66B Lebreton St N,"66B, rue Lebreton Nord",Ottawa,ON,K1R 7H3,K1R 7H3,613-695-8859,info@centralartgarage.ca,20180611,http://centralartgarage.com/,,FP50,,Commercial Galleries,98
SPAO Centre Gallery,SPAO Centre Gallery,77 Pamilla St,"77, rue Pamilla",Ottawa,ON,K1S 3K7,K1S 3K7,613-562-3824,gallery@spao.ca,20180611,http://spao.ca/spao-gallery/,,FP28,,Commercial Galleries,99
Le Centre d'artistes Voix Visuelle,Le Centre d'artistes Voix Visuelle,81 Beechwood Ave.,"81, av Beechwood",Ottawa,ON,K1M 1L7,K1M 1L7,613-748-6954,voixvisuelle@gmail.com,20180611,http://voixvisuelle.ca/,,FP53,,Commercial Galleries,100
SNOW GOOSE GALLERY,SNOW GOOSE GALLERY,83 Sparks St,"83, rue Sparks",Ottawa,ON,K1P 5A5,K1P 5A5,613-232-2213,info@snowgoose.ca,20180611,http://www.snowgoose.ca/,,FP12,,Commercial Galleries,101
Galerie C�t� Cr�ations,Galerie C�t� Cr�ations,98 Richmond Road,"98, chemin Richmond",Ottawa,ON,K1Z 6V9,K1Z 6V9,819-681-1811,artcotecreations@gmail.com,20180611,https://galeriedartcotecreations.wordpress.com/,https://galeriedartcotecreations.wordpress.com/,FP2001,,Commercial Galleries,102
Galerie C�t� Cr�ations,Galerie C�t� Cr�ations,98 Richmond Road,"98, chemin Richmond",Ottawa,ON,K1Z 6V9,K1Z 6V9,(819) 681-1811,artcotecreations@gmail.com,20180611,https://galeriedartcotecreations.wordpress.com/,https://galeriedartcotecreations.wordpress.com/,FP717,,Commercial Galleries,103
Designer Glass Studio,Designer Glass Studio,668 Chapel St,"668, rue Chapel",Ottawa,ON,K1N 7Z9,K1N 7Z9,(613) 231-2786,mail@designerglassstudio.ca,20180611,http://www.designerglassstudio.ca,,FP716,,"Commercial Galleries,Education,Heritage Trades",104
Young Artists School of Piano,Young Artists School of Piano, 168 Sunita Cres,"168, crois Sunita",Ottawa,ON,K2J 5S8,K2J 5S8,613-852-0704,ya@zidabusiness.com,20180613,http://ya.zidabusiness.com/index.html,,FP610,,Education,105
Allegro Danceworks,Allegro Danceworks,1 Hobin St.,"1, rue Hobin",Ottawa,ON,K2S 1C3,K2S 1C3,613-831-7048,info@allegrodanceworks.com,20180613,http://www.allegrodanceworks.com/,,FP531,,Education,106
Siempre Tango,Siempre Tango,10 Blackburn Ave,"10, av Blackburn",Ottawa,ON,K1N 7Z2,K1N 7Z2,613-789-9996,info@siempretango.ca,20180613,http://www.siempretango.ca/,,FP590,,Education,107
Capital City Dance - Kanata,Capital City Dance - Kanata,100 Castlefrank Rd,"100, ch Castlefrank",Ottawa,ON,K2L 2V6,K2L 2V6,613-831-1003,info@capitalcitydance.ca,20180613,http://capitalcitydance.ca/,,FP3001,,Education,108
Elite Dance Studio,Elite Dance Studio,101 Schneider Rd.,"101, chemin Schneider",Ottawa,ON,K2K 1Y3,K2K 1Y3,613-592-5956,edskanata.office@gmail.com,20180613,http://www.elitedancestudio.ca/,,FP549,,Education,109
Loch Murray Dancers,Loch Murray Dancers,1010 Polytek St #16,"16-1010, rue Polytek",Ottawa,ON,K1J 9H9,K1J 9H9,613-867-4525,lochmurraydancers@gmail.com,20180613,http://www.lochmurray.com/,,FP566,,Education,110
Tracy's Art Studio,Tracy's Art Studio,101-67 Iber Road,"101-67, chemin Iber",Ottawa,ON,K2S 0N9,K2S 0N9,613-831-5225,info@tracysartstudio.com,20180613,www.tracysartstudio.com,,FP604,,Education,111
Crystal Beshara Studio,Crystal Beshara Studio,103 Harris Place,"103, place Harris",Ottawa,ON,K2G 2P7,K2G 2P7,,,20180613,http://www.crystalbeshara.com/,,FP540,,Education,112
Pointe of Grace Dance Company,Pointe of Grace Dance Company,103-69 Iber Rd,"103-69, chemin Iber",Ottawa,ON,K2S 1E7,K2S 1E7,613-836-0557,info@pointofgrace.com,20180613,http://www.pointeofgrace.com/,,FP586,,Education,113
National Capital Dance Educators,National Capital Dance Educators,111-A Rideau St.,"111A, rue Rideau",Ottawa,ON,K1N 5X1,K1N 5X1,613-241-4524,ncdance@magma.ca,20180613,http://www.ncdance.ca/,,FP579,,Education,114
Step by Step School of Dance - Nepean,Step by Step School of Dance - Nepean,1120 Morrison Dr,"1120, prom Morrison",Ottawa,ON,K2H 8M7,K2H 8M7,613-823-1605,info@sbsdance.com,20180613,http://sbsdance.com/,,FP3002,,Education,115
Manotick School of Music,Manotick School of Music,1136 Clapp Ln,"1136, rle Clapp",Ottawa,ON,K4M 1A3,K4M 1A3,613-692-2824,,20180613,http://www.manotickschoolofmusic.ca,,FP570,,Education,116
Denise Smith Dance Studio,Denise Smith Dance Studio,1140 Tighe St,"1140, rue Tighe",Ottawa,ON,K4M 1A3,K4M 1A3,613-692-4653,info@denisesmithstudio.com,20180613,http://www.denisesmithstudio.com/,,FP546,,Education,117
Long & McQuade,Long & McQuade,1193 Hunt Club Rd,"1193, ch Hunt Club",Ottawa,ON,K1V 8S4,K1V 8S4,,,20180613,http://www.long-mcquade.com/,,FP567,,Education,118
Centrepointe Music Academy,Centrepointe Music Academy,123-117 Centrepointe Dr,"123-117, prom Centrepointe",Ottawa,ON,K2G 6P9,K2G 6P9,(613) 228-8100,cma@zidabusiness.com,20180613,http://cma.zidabusiness.com/index.html,,FP537,,Education,119
Capital City Dance - Westgate,Capital City Dance - Westgate,1309 Carling Ave.,"1309, av Carling",Ottawa,ON,K1Z 7L3,K1Z 7L3,613-761-1515,info@capitalcitydance.ca,20180613,http://capitalcitydance.ca/,,FP535,,Education,120
Ecole De Danse Louise,Ecole De Danse Louise,1314 Youville Dr,"1314, prom Youville",Ottawa,ON,K1C 2X8,K1C 2X8,613-837-5509,ecoledanselouise@gmail.com,20180613,http://www.danselouise.com/,,FP548,,Education,121
Lauzon Music,Lauzon Music,1345 Wellington St. W,"1345, rue Wellington Ouest",Ottawa,ON,K1Y 3B8,K1Y 3B8,613-725-1116,,20180613,http://www.lauzonmusic.com/,,FP562,,Education,122
Ottawa's Yamaha Music School,Ottawa's Yamaha Music School,1412 Bank St.,"1412, rue Bank",Ottawa,ON,K1H 7Y9,K1H 7Y9,613-731-1379,,20180613,http://www.ottawapianolessons.ca/,,FP583,,Education,123
Leeming Danceworks,Leeming Danceworks,1420 Youville Dr.,"1420, prom Youville",Ottawa,ON,K1C 7B3,K1C 7B3,613-830-5230,info@leemingdanceworks.com,20180613,http://leemingdanceworks.com/,,FP563,,Education,124
Greta Leeming Studio of Dance,Greta Leeming Studio of Dance,1460 Merivale Rd.,"1460, chemin Merivale",Ottawa,ON,K2E 5P2,K2E 5P2,613-225-5355,info@gretaleemingdance.com,20180613,http://www.gretaleemingdance.com/,,FP557,,Education,125
Linda Jamieson School of Dance,Linda Jamieson School of Dance,150 Katimavik Rd.,"150, chemin Katimavik",Ottawa,ON,K2L 2N2,K2L 2N2,613-592-1136,info@jamiesondance.com,20180613,http://jamiesondance.com/,,FP565,,Education,126
DanceStudios.ca,DanceStudios.ca,151 Chapel St.,"151, rue Chapel",Ottawa,ON,K1N 7Y2,K1N 7Y2,613-884-9869,info@dancestudios.ca,20180613,http://www.dancestudios.ca/,,FP545,,Education,127
Ottawa Dance Sport Studio,Ottawa Dance Sport Studio,1547 Chatelain Ave.,"1547, av Chatelain",Ottawa,ON,K1Z 8B6,K1Z 8B6,613-263-4622,milla@ottawadancesport.com,20180613,http://www.ottawadancesport.com,,FP581,,Education,128
Allegro Music School,Allegro Music School,16-1439 Youville Dr,"16-1439, prom Youville",Ottawa,ON,K1C 4M8,K1C 4M8,613-837-6040,lessons@allegromusicschools.com,20180613,http://www.allegro-artistamusic.ca/,,FP532,,Education,129
School of Photographic Arts: Ottawa,School of Photographic Arts: Ottawa,168 Dalhousie St.,"168, rue Dalhousie",Ottawa,ON,K1N 7C4,K1N 7C4,613-562-3824,info@spao.ca,20180613,http://www.spao.ca/,,FP588,,Education,130
Sue Fay Healy School Of Traditional Irish Dance,Sue Fay Healy School Of Traditional Irish Dance,174 Colonnade Rd,"174, ch Colonnade",Ottawa,ON,K2E 7M3,K2E 7M3,613-883-9230,,20180613,http://www.suefayhealy.com/,,FP594,,Education,131
The Ottawa Conservatory Vocal & Dance Performance Academy,The Ottawa Conservatory Vocal & Dance Performance Academy,175 Richmond Rd.,"175, chemin Richmond",Ottawa,ON,K1Z 6W3,K1Z 6W3,613-722-1010,robsmusic@rogers.com,20180613,http://www.ottawaconservatory.com/,,FP602,,Education,132
Cumbrae Dance Centre,Cumbrae Dance Centre,1803 St.Joseph Blvd,"1803, boul St. Joseph",Ottawa,ON,K1C 6E7,K1C 6E7,613-837-6786,info@cumbraedance.com,20180613,https://www.cumbraedance.com/,,FP541,,Education,133
Fiddle Chicks,Fiddle Chicks,1918 Des Epinettes Ave.,"1918, av Des Epinettes",Ottawa,ON,K1C 6P5,K1C 6P5,613-830-2509,lois@siegelproductions.ca,20180613,http://www.siegelproductions.ca/fiddlechicks.htm,,FP905,,Education,134
Ottawa Music Academy / Kanata Music Academy,Ottawa Music Academy / Kanata Music Academy,200-2 Lorry Greenberg Dr,"200-2, prom Lorry Greenberg",Ottawa,ON,K1G 5H6,K1G 5H6,613-739-5757,admin@ottawamusicacademy.com,20180613,http://www.kanatamusicacademy.com/,,FP582,,Education,135
High Note Music Academy,High Note Music Academy,200-34 Colonnade Rd,"200-34, chemin Colonnade",Ottawa,ON,K2E 7J6,K2E 7J6,613-226-8188,info@highnote.ca,20180613,http://www.highnote.ca/,,FP559,,Education,136
Henry's - Orl�ans,Henry's - Orl�ans,2012 10th Line Rd,"2012, chemin 10th Line",Ottawa,ON,K4A 4X4,K4A 4X4,613-830-8500,orleans@henry.com,20180613,http://www.henrys.com/Stores/28-Orleans.aspx,,FP558,,Education,137
The Academy of Dance Arts,The Academy of Dance Arts,2019 Lanthier Rd.,"2019, chemin Lanthier",Ottawa,ON,K4A 3V3,K4A 3V3,613-841-5599,dance@theacademyofdancearts.com,20180613,http://www.theacademyofdancearts.com/,,FP596,,Education,138
Fred Astaire Dance Studios,Fred Astaire Dance Studios,203-149 Second Ave,"203-149, av Second",Ottawa,ON,K1S 2H6,K1S 2H6,613 567-3237,OttawaStudio@fredastaire.ca,20180613,http://www.fredastaire.ca/pages/ottawa.php,,FP554,,Education,139
Domenic's Academy of Music,Domenic's Academy of Music,2297 St. Joseph Blvd,"2297, boul St. Joseph",Ottawa,ON,K1C 7C5,K1C 7C5,613-837-0124,info@domenicsmusic.com,20180613,http://www.domenicsmusic.com/,,FP547,,Education,140
DanceR Studio,DanceR Studio,260 Centrum Blvd,"260, boul Centrum",Ottawa,ON,K1E 3P4,K1E 3P4,613-834-4329,mikiwhytedance@hotmail.com,20180613,http://www.dancerstudio.ca/,,FP544,,Education,141
Makin' Moves,Makin' Moves,276 Sunnyside Ave,"276, av Sunnyside",Ottawa,ON,K1S 0R8,K1S 0R8,613-236-3000,,20180613,http://www.makingmoves.ca,,FP569,,Education,142
Dance Fusion Studios,Dance Fusion Studios,279 McArthur Ave.,"279, av McArthur",Ottawa,ON,K1L 6P3,K1L 6P3,613 321 1200,jennmacquarrie@rogers.com,20180613,http://dancefusionstudios.com/,,FP542,,Education,143
Planet Dance,Planet Dance,3059B Carling Ave.,"3059B, av Carling",Ottawa,ON,K2B 7K4,K2B 7K4,613-715-9333,,20180613,,,FP585,,Education,144
Tutti Muzik,Tutti Muzik,307 St Laurent Blvd.,"307, boul St. Laurent",Ottawa,ON,K1K 2Z5,K1K 2Z5,613-746-3512,tuttimuzik@rogers.com,20180613,http://tuttimuzik.ca/,,FP605,,Education,145
Wild Pigments Art Studio (Elaine Comeau),Wild Pigments Art Studio (Elaine Comeau),32-174 Colonnade Rd,"32-174, chemin Colonnade",Ottawa,ON,K2E 7J5,K2E 7J5,613-558-6507,elaine@wildpigments.com,20180613,http://www.wildpigments.com/,,FP609,,Education,146
Mushfiq Arts Company,Mushfiq Arts Company,3399 McCarthy Rd,"3399, ch McCarthy",Ottawa,ON,K1V 9G6,K1V 9G6,613-521- 2736,mushfiq@mushfiq.ca,20180613,http://www.mushfiq.ca/,,FP578,,Education,147
Dance with Alana,Dance with Alana,"340 MacLaren St, Suite 100","100-340, rue MacLaren",Ottawa,ON,K2P 0M6,K2P 0M6,613-233-3456,,20180613,http://dancewithalana.com/,,FP543,,Education,148
Step by Step School of Dance - Richmond,Step by Step School of Dance - Richmond,3463 McBean St,"3463, rue McBean",Ottawa,ON,K0A 2Z0,K0A 2Z0,613-838-7838,info@sbsdance.com,20180613,http://sbsdance.com/,,FP592,,Education,149
The Canadian School of Dance,The Canadian School of Dance,35 Larkin Dr.,"35, prom Larkin",Ottawa,ON,K2J 2T2,K2J 2T2,613-825-0907,info@canadianschoolofdance.com,20180613,http://www.canadianschoolofdance.com/,,FP597,,Education,150
Accel Music,Accel Music,3570 Strandherd Dr.,"3570, prom Strandherd",Ottawa,ON,K2J 5L4,K2J 5L4,(613) 823-1311,info@accelmusic.ca,20180613,http://www.accelmusic.ca/,,FP529,,Education,151
Gotta Dance Ballroom and Latin Studio,Gotta Dance Ballroom and Latin Studio,414 Pleasant Park Road,"414, ch Pleasant Park",Ottawa,ON,K1H 5N1,K1H 5N1,613-293-5676,info@gottadanceottawa.com,20180613,http://www.gottadanceottawa.com/,,FP556,,Education,152
Opus Academy,Opus Academy,4-900 Watters Rd,"4-900, chemin Watters",Ottawa,ON,K4A 0B4,K4A 0B4,613-424-7557,marieclaude@opusacademy.ca,20180613,http://www.opusacademy.ca/Opus_Academy/Home.html,,FP580,,Education,153
Fine Art Studios,Fine Art Studios,500 Gladstone Ave.,"500, av Gladstone",Ottawa,ON,K1R 5P1,K1R 5P1,613-235-4278,bobgrant@rogers.com,20180613,http://www.artclasses.ca/,,FP551,,Education,154
Chad Wolfe Studio of Dance & Music,Chad Wolfe Studio of Dance & Music,5412 West River Dr,"5412, prom West River",Ottawa,ON,K4M 1G5,K4M 1G5,613-295-7837,info@chadwolfestudio.com,20180613,http://www.chadwolfestudio.com/,,FP538,,Education,155
Piqu� Dance Studio International,Piqu� Dance Studio International,5710 Longshadow St.,"5710, rue Longshadow",Ottawa,ON,K4M 1M2,K4M 1M2,613-692-0520,,20180613,http://piquedancestudio.com/,,FP584,,Education,156
Studio 360 dance,Studio 360 dance,5945 Jeanne D'Arc Blvd S,"5945, boul Jeanne D'Arc S",Ottawa,ON,K1C 2N1,K1C 2N1,613-424-7960,info@studio360dance.com,20180613,http://www.studio360dance.com/,,FP593,,Education,157
Let's Dance Ottawa,Let's Dance Ottawa,60 Colonnade Rd.,"60, chemin Colonnade",Ottawa,ON,K2E 7J6,K2E 7J6,613-723-6592,,20180613,http://www.letsdanceottawa.com/,,FP564,,Education,158
The Studio School of Dance,The Studio School of Dance,74 Jamie Ave.,"74, av Jamie",Ottawa,ON,K2E 6T6,K2E 6T6,613-225-6820,info@thestudioschoolofdance.com,20180613,http://www.thestudioschoolofdance.com/,,FP603,,Education,159
Vanessa Plettell Dance,Vanessa Plettell Dance,8-1501 Sieveright Rd,"8-1501, chemin Sieveright",Ottawa,ON,K1T 1M5,K1T 1M5,613-730-3066,vanessaplettelldance@gmail.com,20180613,http://www.vanessaplettelldance.com/,,FP606,,Education,160
NEW STAR CHILDREN'S THEATRE,NEW STAR CHILDREN'S THEATRE,9 Rossland Ave,"9, av Rossland",Ottawa,ON,K2E 7J5,K2E 7J5,613-523-3264,,20180613,,,FP612,,Education,161
Sherry's School of Highland Dance,Sherry's School of Highland Dance,9 Shannondoe Cres.,"9, crois Shannondoe",Ottawa,ON,K2M 2C8,K2M 2C8,613-592-2777,sherry@highlanddancingschool.com,20180613,http://www.highlanddancingschool.com/,,FP589,,Education,162
Humingbird Music LTD,Humingbird Music LTD,900 Greenbank Rd.,"900, chemin Greenbank",Ottawa,ON,K2J 1S8,K2J 1S8,613-825-0557,,20180613,hummingbirdmusic.ca,,FP560,,Education,163
Arthur Murray Dance Studio,Arthur Murray Dance Studio,928 Gladstone Ave.,"928, av Gladstone",Ottawa,ON,K2A 1C4,K2A 1C4,613-233-7911,arthurmurrayottawa@gmail.com,20180613,http://arthurmurrayottawa.com/,,FP533,,Education,164
Gladstone Clayworks,Gladstone Clayworks,949b Gladstone Ave.,"949B, av Gladstone",Ottawa,ON,K1Y 3E5,K1Y 3E5,,,20180613,http://www.gladstoneclayworks.ca,,FP555,,Education,165
Alcorn Music Studios,Alcorn Music Studios,953 Gladstone Ave,"953, av Gladstone",Ottawa,ON,K1Y 3E5,K1Y 3E5,613-729-0693,info@alcornmusicstudios.com,20180613,http://www.alcornmusicstudios.com/,,FP530,,Education,166
Flo Glassblowing,Flo Glassblowing,957-C Gladstone Ave,"957C, av Gladstone",Ottawa,ON,K1Y 3E5,K1Y 3E5,613-695-3563,floglassblowing@gmail.com,20180613,http://floglassblowing.ca/,,FP552,,Education,167
Monart Art School of Ottawa,Monart Art School of Ottawa,B244-2445 St. Laurent Blvd,"B244-2445, boul St. Laurent",Ottawa,ON,K1G 6C3,K1G 6C3,613-260-0483,info@vickysartstudio.com,20180613,http://www.vickysartstudio.com/,,FP577,,Education,168
MAYFAIR THEATRE,MAYFAIR THEATRE,1074 Bank St,"1074, rue Bank",Ottawa,ON,K1S 3X3,K1S 3X3,613-730-3403,,20180622,http://mayfairtheatre.ca/,,FP162,,Film,169
BASELINE COMMUNICATIONS INC,BASELINE COMMUNICATIONS INC,11 Friendly Cres,"11, crois Friendly",Ottawa,ON,K2S 2B5,K2S 2B5,613-224-2049,,20180622,http://www.baselinecommunications.com/,,FP112,,Film,170
Treepot Media,Treepot Media,1101-500 Laurier Avenue West,"1101-500, av Laurier Ouest",Ottawa,ON,K1R 5E1,K1R 5E1,,mail@treepotmedia.com,20180622,http://treepotmedia.com/,,FP214,,Film,171
VISUALEYES PRODUCTION LTD,VISUALEYES PRODUCTION LTD,114 Wilbert Cox Dr,"114, prom Wilbert Cox",Ottawa,ON,K0A 1L0,K0A 1L0,613-292-2944,splante@visualeyes.ca,20180625,http://www.visualeyes.ca/Visualeyes_Productions_Ltd./Welcome.html,,FP101,,Film,172
Those Canadians Media Group,Those Canadians Media Group,1142B Johnston Clapp Lane,"1142B, Johnston Clapp",Ottawa,ON,K4M 1A1,K4M 1A1,613-656-7351,info@thosecanadians.com,20180622,http://thosecanadians.com,http://thosecanadians.com,FP802,,Film,173
Christie Lites Ottawa,Christie Lites Ottawa,1157 Parisien St,"1157, rue Parisien",Ottawa,ON,K1B 4W4,K1B 4W4,613-594-5804,technicalsupport@christielites.com,20180622,http://www.christielites.com/,,FP192,,Film,174
RAINBOW CINEMAS ST LAURENT CTR,RAINBOW CINEMAS ST LAURENT CTR,1200 St. Laurent Blvd,"1200, boul St. Laurent",Ottawa,ON,K1K 3B8,K1K 3B8,,,20180622,http://rainbowcinemas.ca/A/?theatre=Ottawa&,,FP166,,Film,175
Espace Franco Images,Espace Franco Images,123 Beechwood Ave,"123, av Beechwood",Ottawa,ON,K1M 1L5,K1M 1L5,613-231-1232,,20180622,,,FP173,,Film,176
ZED FILM WORKS INC,ZED FILM WORKS INC,12-800 Industrial Ave,"12-800, av Industrial",Ottawa,ON,K1N 6B3,K1N 6B3,,,20180622,http://zed.film/,,FP91,,Film,177
Professional Sound & Lighting,Professional Sound & Lighting,1296 Leeds Ave,"1296, av Leeds",Ottawa,ON,K1B 3W3,K1B 3W3,613-736-5585,sales@psl.on.ca,20180622,http://www.psl.on.ca/,,FP206,,Film,178
CINEPLEX ODEON BARRHAVEN,CINEPLEX ODEON BARRHAVEN,131 Riocan Avenue,"131, av Riocan",Ottawa,ON,K2J 5G5,K2J 5G5,,,20180622,http://www.cineplex.com/default.aspx,,FP156,,Film,179
IMAGETREE INC,IMAGETREE INC,1350 Randall Ave,"1350, av Randall",Ottawa,ON,K1H 7R3,K1H 7R3,613-746-7700,,20180622,http://imagetree.com/main/,,FP103,,Film,180
ALLAN JOYNER PRODUCTIONS,ALLAN JOYNER PRODUCTIONS,139 Glenncastle Drive,"139, prom Glencastle",Ottawa,ON,K0A 1L0,K0A 1L0,613-470-0111,info@ajp.ca,20180622,http://ajp.ca/,,FP107,,Film,181
ADAMS FILM-VIDEO LTD,ADAMS FILM-VIDEO LTD,1581 Bank Street,"1581, rue Bank",Ottawa,ON,K1H 7Z3,K1H 7Z3,(613) 731-6416,,20180622,http://www.canadianfilm.com/adams/adams.html,,FP143,,Film,182
Skycron,Skycron,16 Capella Court,"16, Capella",Ottawa,ON,K2E 7Y9,K2E 7Y9,613-902-0134,cory@skycron.com,20180622,http://skycron.com,http://skycron.com,FP801,,Film,183
Corel,Corel,1600 Carling Avenue,"1600, av Carling",Ottawa,ON,K1Z 8R7,K1Z 8R7,877-582-6735,,20180622,http://www.corel.com/corel/index.jsp,,FP219,,Film,184
KUBLACOM PICTURES INC,KUBLACOM PICTURES INC,162 Hopewell Ave,"162, av Hopewell",Ottawa,ON,K1N 7G2,K1N 7G2,,,20180625,http://www.kublacom.ca/,,FP121,,Film,185
MEDIACO,MEDIACO,166 Elm St,"166, rue Elm",Ottawa,ON,K1R 6N5,K1R 6N5,888-287-3687  ,connect@fmav.ca,20180622,http://www.mediaco.ca/,,FP81,,Film,186
CINEVALE MEDIA INC,CINEVALE MEDIA INC,1775 Courtwood Crescent,"1775, crois Courtwood",Ottawa,ON,K2C 3J2,K2C 3J2,613-225-7128,,20180622,,,FP97,,Film,187
A Crafted Story,A Crafted Story,185 Rideau St,"185, rue Rideau",Ottawa,ON,K1N 5X8,K1N 5X8,,hello@acraftedstory.com,20180622,https://craftedstories.com/,,FP186,,Film,188
Skyreader Media Inc,Skyreader Media Inc,1886 Merivale Rd,"1886, chemin Merivale",Ottawa,ON,K2G 1E8,K2G 1E8,,,20180622,http://skyreaderstudio.ca/,,FP184,,Film,189
NORTH EAST PRODUCTIONS,NORTH EAST PRODUCTIONS,2 Daly Avenue,"2, av Daly",Ottawa,ON,K1N 6E2,K1N 6E2,613-234-8544,,20180622,http://www.north-east.ca/,,FP149,,Film,190
Smyth Casting,Smyth Casting,20 Cleopatra Dr,"20, prom Cleopatra",Ottawa,ON,K2G 0B3,K2G 0B3,613-698-2278,smythcasting@gmail.com,20180622,http://smythcasting.com/,,FP209,,Film,191
Orphan Boy Films,Orphan Boy Films,200-205 Catherine St,"200-205, rue Catherine",Ottawa,ON,K2P 1C3,K2P 1C3,,,20180622,http://www.orphanboyfilms.com/,,FP200,,Film,192
HYPERACTIVE PRODUCTIONS,HYPERACTIVE PRODUCTIONS,201-33 Roydon Place,"201-33, place Roydon",Ottawa,ON,K2E 1A3,K2E 1A3,613-727-0202,office@hyperactive.ca,20180622,http://www.hyperactive.ca/,,FP113,,Film,193
r + d creative,r + d creative,202-17 York St,"202-17, rue York",Ottawa,ON,K1N 5S7,K1N 5S7,613-241-2066,info@rdcreative.com,20180622,http://www.rdcreative.com/,,FP119,,Film,194
PIP ANIMATION SERVICES INC,PIP ANIMATION SERVICES INC,203-2625 Queensview Dr,"203-2625, prom Queensview",Ottawa,ON,K2B 8K2,K2B 8K2,613-569-4886,info@pipanimation.com,20180622,http://www.pipanimation.com/,,FP98,,Film,195
KAAH AUDIO & VIDEO,KAAH AUDIO & VIDEO,210-2660 Southvale Cres,"210-2660, crois Southvale",Ottawa,ON,K1B 4W5,K1B 4W5,613-737-7788,,20180625,,,FP139,,Film,196
DOOMSDAY STUDIOS LTD,DOOMSDAY STUDIOS LTD,212 James St,"212, rue James",Ottawa,ON,K1R 5M7,K1R 5M7,613-230-9769,,20180622,,,FP95,,Film,197
Parktown,Parktown,2-15 Antares Dr,"2-15, prom Antares",Ottawa,ON,K2B 8G5,K2B 8G5,613-828-0505,info@parktown.ca,20180622,http://www.parktown.ca/,,FP202,,Film,198
CINEPLEX SOUTH KEYS,CINEPLEX SOUTH KEYS,2214 Bank Street,"2214, rue Bank",Ottawa,ON,K1V 1J6,K1V 1J6,,,20180622,http://www.cineplex.com/default.aspx,,FP165,,Film,199
CINEPLEX SILVER CITY,CINEPLEX SILVER CITY,2385 City Park Drive,"2385, prom City Park",Ottawa,ON,K1J 1G1,K1J 1G1,,,20180622,http://www.cineplex.com/default.aspx,,FP153,,Film,200
EMOTION PICTURE STUDIOS,EMOTION PICTURE STUDIOS,246 Queen St,"246, rue Queen",Ottawa,ON,K1P 5E4,K1P 5E4,613-212-5095,info@emotionpicturestudios.com,20180622,http://www.emotionpicturestudios.com/,,FP125,,Film,201
Irdeto,Irdeto,2500 Solandt Road,"2500, chemin Solandt",Ottawa,ON,K2K 3G5,K2K 3G5,613-271-9446,,20180622,http://irdeto.com/,,FP222,,Film,202
ITAL-CAN VIDEO SVC,ITAL-CAN VIDEO SVC,270 Preston Street,"270, rue Preston",Ottawa,ON,K1R 7R5,K1R 7R5,613-238-7891,,20180622,http://www.italcanvideo.com/index.html,,FP128,,Film,203
CINEREAL PRO CORP VIDEO SVC,CINEREAL PRO CORP VIDEO SVC,272 Avondale Ave,"272, av Avondale",Ottawa,ON,K1Z 7G8,K1Z 7G8,(613) 798-8150,,20180622,,,FP134,,Film,204
Victory Arts,Victory Arts,2740B Queensview Dr,"2740B, prom Queensview",Ottawa,ON,K2B 2A2,K2B 2A2,,info@victoryarts.com,20180622,http://victoryarts.com/,,FP217,,Film,205
CARTE BLANCHE FILMS,CARTE BLANCHE FILMS,2740B Queensview Dr,"2740B, prom Queensview",Ottawa,ON,K2P 0Z8,K2P 0Z8,613-749-6157,info@carteblanchefilms.ca,20180622,http://www.carteblanchefilms.ca/,,FP100,,Film,206
JenCor Entertainment,JenCor Entertainment,2740-B Queensview Dr,"2740B, prom Queensview",Ottawa,ON,K2B 2A2,K2B 2A2,613-836-8295,info@jencor.ca,20180622,http://www.jencor.ca/,,FP176,,Film,207
Genuine Pictures,Genuine Pictures,2740-B Queensview Drive,"2740B, prom Queensview",Ottawa,ON,K2B 2A2,K2B 2A2,,office@genuinepictures.com,20180622,http://genuinepictures.com/,,FP175,,Film,208
AFFINITY PRODUCTIONS,AFFINITY PRODUCTIONS,2740-B Queensview Drive,"2740B, prom Queensview",Ottawa,ON,K2B 2A2,K2B 2A2,613-820-4660,info@affinityproductions.tv,20180622,http://www.affinityproductions.tv/,,FP146,,Film,209
TWELFTH ROOT,TWELFTH ROOT,286 Fairmont Ave,"286, av Fairmont",Ottawa,ON,K1Y 1Y7,K1Y 1Y7,,,20180622,http://www.twelfthroot.com/index.html,,FP82,,Film,210
EAGLENEST,EAGLENEST,289 Murray Street,"289, rue Murray",Ottawa,ON,K1N 5N3,K1N 5N3,613-302-7912,infos@eaglenestfilms.com,20180622,http://eaglenestfilms.com/,,FP118,,Film,211
CINEPLEX COLISEUM OTTAWA,CINEPLEX COLISEUM OTTAWA,3090 Carling Avenue,"3090, av Carling",Ottawa,ON,K2B 7K2,K2B 7K2,,,20180622,http://www.cineplex.com/default.aspx,,FP155,,Film,212
MOUNTAIN ROAD PRODUCTIONS LTD,MOUNTAIN ROAD PRODUCTIONS LTD,310 Beechgrove Avenue,"310, av Beechgrove",Ottawa,ON,K1Z 6R3,K1Z 6R3,613-237-4447,info@mountainroad.ca,20180622,http://www.mountainroad.ca/mrp/index.php,,FP136,,Film,213
Transimage,Transimage,316 Foxridge Way,"316, voie Foxridge",Ottawa,ON,K2J 0V7,K2J 0V7,613-796-5553,info@transimage.ca,20180622,http://www.transimage.ca/,,FP213,,Film,214
Simple Story Videos,Simple Story Videos,"319 McRae Ave, Suite 504","500-319, av McRae",Ottawa,ON,K1Z 0B9,K1Z 0B9,877-513-2422,,20180625,http://simplestoryvideos.com/,,FP208,,Film,215
BYTOWNE CINEMA,BYTOWNE CINEMA,325 Rideau St,"325, rue Rideau",Ottawa,ON,K1N 5Y4,K1N 5Y4,(613) 789-FILM,,20180622,http://www.bytowne.ca/,,FP159,,Film,216
Quiet Revolution Pictures,Quiet Revolution Pictures,"343 Preston Street, Suite 1100","1100-343, rue Preston",Ottawa,ON,K1S 1N4,K1S 1N4,613-656-3624,info@grpictures.com,20180622,http://qrpictures.com/,,FP178,,Film,217
MACLEOD MEDIA PRODUCTIONS,MACLEOD MEDIA PRODUCTIONS,346 Frank St,"346, rue Frank",Ottawa,ON,K2P 1V8,K2P 1V8,,info@mmproductions.ca,20180622,http://mmproductions.ca/,,FP123,,Film,218
ALTAN IV VIDEO CREATIONS INC,ALTAN IV VIDEO CREATIONS INC,34-81 Auriga Drive,"34-81, prom Auriga",Ottawa,ON,K2E 7Y5,K2E 7Y5,613-225-1000,,20180625,,,FP114,,Film,219
SOMA MEDIA INC,SOMA MEDIA INC,365-100 GLOUCESTER ST,"365-100, rue Gloucester",Ottawa,ON,K2P 0A4,K2P 0A4,613-224-5199,info@soma-media.ca,20180622,http://www.soma-media.com/,,FP124,,Film,220
Angie's Models and Talent International,Angie's Models and Talent International,37 Clarence St,"37, rue Clarence",Ottawa,ON,K1N 5M4,K1N 5M4,613-244-0544,angies@angiesmodels.com,20180622,http://www.angiesmodels.com/,,FP187,,Film,221
EMPIRE THEATRES ORLEANS,EMPIRE THEATRES ORLEANS,3752 Innes Road,"3752, chemin Innes",Ottawa,ON,K1W 0C8,K1W 0C8,,,20180622,http://www.empiretheatres.com/,,FP157,,Film,222
BALESTRA PRODUCTIONS INC,BALESTRA PRODUCTIONS INC,375A St-Laurent Blvd,"375A, boul St. Laurent",Ottawa,ON,K1K 2Z7,K1K 2Z7,613-742-8499,,20180622,http://en.balestra.tv/,,FP117,,Film,223
REEL IMPACT COMMUNICATIONS INC,REEL IMPACT COMMUNICATIONS INC,3784 Matawatchan Rd,"3784, ch Matawatchan",Griffin,ON,K1Y 0Z7,K1Y 0Z7,,,20180622,http://www.reelimpact.tv/,,FP129,,Film,224
XYZ RGB,XYZ RGB,4 - 155 Terence Matthews Cresent,"4-155, crois Terence Matthews",Ottawa,ON,K2M 2A8,K2M 2A8,,,20180625,http://www.xyzrgb.com/,,FP511,,Film,225
SOUND VENTURE PRODUCTIONS,SOUND VENTURE PRODUCTIONS,401-441 MacLaren Street,"401-441, rue Murray",Ottawa,ON,K2P 2H3,K2P 2H3,613-241-5111,info@soundventure.com,20180622,http://www.soundventure.com/,,FP120,,Film,226
COMMUNIQUE DIRECT STUDIOS,COMMUNIQUE DIRECT STUDIOS,408-150 Wellington St,"408-150, rue Wellington",Ottawa,ON,K1P 5A4,K1P 5A4,613-216-7300,info@communiquedirect.ca,20180622,http://www.communiquedirect.ca/#,,FP133,,Film,227
Mensour Agency Limited,Mensour Agency Limited,41 Springfield Road,"41, chemin Springfield",Ottawa,ON,K1M 1C8,K1M 1C8,613-241-1677,kate@mensour.ca,20180622,http://www.mensour.ca/,,FP198,,Film,228
TITLE ENTERTAINMENT,TITLE ENTERTAINMENT,428 Preston St,"428, rue Preston",Ottawa,ON,K1S 4N2,K1S 4N2,613-232-1255,denyse@titleentertainment.com,20180622,http://www.titleentertainment.com/,,FP93,,Film,229
A V CANADA INC,A V CANADA INC,4899 Uplands Dr,"4899, prom Uplands",Ottawa,ON,K1V 2N6,K1V 2N6,,info@av-canada.com,20180622,http://www.av-canada.com/index.htm,,FP80,,Film,230
Blomeley Communications Inc.,Blomeley Communications Inc.,49 Silver Horse Cres,"49, crois Silver Horse",Ottawa,ON,K2M 2J2,K2M 2J2,613-596-9935,info@blomeley.com,20180622,http://blomeley.com/,,FP170,,Film,231
ONE MARKET MEDIA,ONE MARKET MEDIA,523 Buchanan Crescent,"523, crois Buchanan",Ottawa,ON,K1J 7V2,K1J 7V2,613-747-8989,info@marketmedia.com,20180622,http://onemarketmedia.com/,,FP104,,Film,232
MERCURY FILMWORKS EAST INC,MERCURY FILMWORKS EAST INC,53 Auriga Drive,"53, prom Auriga",Ottawa,ON,K2E 8C3,K2E 8C3,613-482-1814,,20180622,http://www.mercuryfilmworks.com/,,FP89,,Film,233
BOMI VIDEOTAPE PRODUCTION LTD,BOMI VIDEOTAPE PRODUCTION LTD,577 Beavertail Rd,"577, ch Beavertail",Ottawa,ON,K0A 1L0,K0A 1L0,613-619-9868,,20180625,,,FP110,,Film,234
Dynamix Ottawa Inc.,Dynamix Ottawa Inc.,6-190 Colonnade Road,"6-190, ch Colonnade",Ottawa,ON,K2E 7J5,K2E 7J5,613-724-4999,,20180622,http://www.dynamix.ca/,,FP195,,Film,235
Gusto Worldwide Media,Gusto Worldwide Media,6-2191 Thurston Drive,"6-2191, prom Thurston",Ottawa,ON,K1G 6C9,K1G 6C9,613-730-1728,,20180622,http://www.gustoworldwidemedia.com/,,FP99,,Film,236
JAM FILLED ENTERTAINMENT,JAM FILLED ENTERTAINMENT,"65 Auriga Drive, Suite 102","102-65, prom Auriga",Ottawa,ON,K2E 7W6,K2E 7W6,613-366-2550,contact@jamfilled.com,20180622,http://jamfilled.com/,,FP88,,Film,237
Distinct Features,Distinct Features,66 Muriel St,"66, rue Muriel",Ottawa,ON,K1S 4E1,K1S 4E1,,info@distinctfeatures.com,20180622,http://www.distinctfeatures.com/,,FP172,,Film,238
Slalom Productions,Slalom Productions,66 Muriel St,"66, rue Muriel",Ottawa,ON,K1S 4E1,K1S 4E1,613-236-6006,,20180622,http://www.slalomprod.tv/,,FP179,,Film,239
First Stage Talent Agency,First Stage Talent Agency,6880 Bilberry Dr,"6880, prom Bilberry",Ottawa,ON,K1C 3R5,K1C 3R5,613-841-3004,office@firststage.ca,20180622,http://www.firststage.ca/,,FP196,,Film,240
CHROMAVISION PRODUCTIONS,CHROMAVISION PRODUCTIONS,6899 Sunset Blvd,"6899, boul Sunset",Ottawa,ON,K4P 1C5,K4P 1C5,,,20180622,,,FP86,,Film,241
Mike Migliara Casting,Mike Migliara Casting,70 Bongard Ave,"70, av Bongard",Ottawa,ON,K2E 7Z9,K2E 7Z9,,mmcasting@live.ca,20180622,http://mmcasting.ca,,FP199,,Film,242
OTTAWA FAMILY CINEMA,OTTAWA FAMILY CINEMA,710 Broadview Avenue,"710, av Beechwood",Ottawa,ON,K2A 2M2,K2A 2M2,613-722-8218,,20180622,http://www.familycinema.ca/,,FP164,,Film,243
TV Factory,TV Factory,74A Wayling Ave,"74A, av Wayling",Ottawa,ON,K1Y 3E5,K1Y 3E5,613-237-9868,newmedia@tvfactory.tv,20180622,http://www.tvfactory.tv/,,FP132,,Film,244
AMC KANATA 24,AMC KANATA 24,801 Kanata Ave,"801, av Kanata",Ottawa,ON,K2T 1E7,K2T 1E7,,,20180622,http://www.amctheatres.com/,,FP154,,Film,245
K DAPAAH PRODUCTIONS,K DAPAAH PRODUCTIONS,85 Royal Field Cres,"85, crois Royal Field",Ottawa,ON,K2J 4C9,K2J 4C9,613-867-4509,,20180622,,,FP115,,Film,246
IN MOTION,IN MOTION,891 Boyd Ave,"891, av Boyd",Ottawa,ON,K2A 2E2,K2A 2E2,613 723 5800,info@inmotion.ca,20180622,http://www.inmotion.ca/,,FP84,,Film,247
CLICK TRACK AUDIO,CLICK TRACK AUDIO,Ottawa Road 17,Ottawa Road 17,Ottawa,ON,K2G 5Y3,K2G 5Y3,,,20180622,http://www.clicktrackaudio.ca/,,FP78,,Film,248
Aventus Films,Aventus Films,,,Ottawa,ON,,,,,20180622,http://www.aventusllc.com/aventusfilms/index.html,,FP169,,Film,249
Barsive Productions,Barsive Productions,,,Ottawa,ON,K1L 5L5,K1L 5L5,613-262-3804,barsive@rogers.com,20180622,http://www.izabelbarsive.com/IB1/HOME.html,,FP189,,Film,250
New Lief Films Inc.,New Lief Films Inc.,,,Ottawa,ON,K1Y 3H2,K1Y 3H2,613-501-6457,devlramsaram@gmail.com,20180622,http://www.newliefstudios.com/#!,,FP221,,Film,251
Big Jump Productions,Big Jump Productions,200-2379 Holly Lane,"200-2379, ln Holly",Ottawa,ON,K1V 7P2,K1V 7P2,613-226-5287,,20180622,https://bigjumpent.com/,,FP181,,"Film,Gaming",252
Amberwood Productions Inc.,Amberwood Productions Inc.,"900 Morrison Drive, suite 100","100-900, prom Morrison",Ottawa,ON,K2H 8K7,K2H 8K7,613-238-4567,info@amberwood.com,20180622,http://amberwoodent.com/,,FP180,,"Film,Gaming",253
Lois Siegel Productions Inc.,Lois Siegel Productions Inc.,1918 Des Epinettes Ave.,"1918, av Des Epinettes",Ottawa,ON,K1C 6P5,K1C 6P5,613-830-2509,lois@siegelproductions.ca,20180622,http://siegelproductions.ca/,,FP904,,"Film,Photography",254
GAPC,GAPC,102-1550 Laperriere Avenue,"102-1550, av Laperriere",Ottawa,ON,K1Z 7T2,K1Z 7T2,613-723-3316,,20180622,http://www.gapcentertainment.com/#,,FP174,,"Film,Recording",255
Precision Video Services,Precision Video Services,1701 Woodward Dr,"1701, prom Woodward",Ottawa,ON,K2C 0R4,K2C 0R4,613-680-7871,,20180622,https://www.pvsonline.ca/,,FP205,,"Film,Recording",256
Atomic Audio,Atomic Audio,2740B Queensview Dr,"2740B, prom Queensview",Ottawa,ON,K2B 2A2,K2B 2A2,613-820-4660,audio@affinityproductions.tv,20180622,http://atomicaudio.tv/,,FP188,,"Film,Recording",257
HOME DVD,HOME DVD,4 Ardagh Gate,,Ottawa,ON,K2L 1N2,K2L 1N2,613-836-9683,support@homedvd.ca,20180622,http://www.homedvd.ca/,,FP108,,"Film,Recording",258
Fuel Industries,Fuel Industries,100 - 7 Hinton Avenue,"100-7, av Hinton",Ottawa,ON,K1Y 4P1,K1Y 4P1,,,20180625,http://www.fuelindustries.com/,,FP503,,Gaming,259
Magmic,Magmic,"126 York Street, 4th floor","126, rue York",Ottawa,ON,K1N 5T5,K1N 5T5,,,20180625,http://www.magmic.com/,,FP515,,Gaming,260
Playbrains,Playbrains,1309 Carling Ave,"1309, av Carling",Ottawa,ON,K1Z 7L3,K1Z 7L3,,,20180625,http://playbrains.com/,,FP506,,Gaming,261
bitHeads Inc.,bitHeads Inc.,1309 Carling Avenue,"1309, av Carling",Ottawa,ON,K1Z 7L3,K1Z 7L3,,,20180625,http://www.bitheads.com/,,FP498,,Gaming,262
Hot Glue Games,Hot Glue Games,205-150 Katimavik Rd,"205-150, ch Katimavik",Ottawa,ON,"K2L 2N2

","K2L 2N2

",613-261-7430,,20180625,http://hotgluegames.com/,,FP4000,,Gaming,263
Arctic Empire,Arctic Empire,207-75 Albert St,"207-75, rue Alber",Ottawa,ON,K1P 5E7,K1P 5E7,,,20180625,http://arcticempire.ca/,,FP496,,Gaming,264
Blackcherry Digital Media Inc.,Blackcherry Digital Media Inc.,346 Richmond Rd,"346, ch Richmond",Ottawa,ON,K2A 0E8,K2A 0E8,613-722-4419,,20180625,http://www.blackcherrydm.com/,,FP499,,Gaming,265
Karman Interactive,Karman Interactive,347 Elgin St,"347, rue Elgin",Ottawa,ON,K2P 1M7,K2P 1M7,,,20180625,http://karmaninteractive.com/,,FP519,,Gaming,266
Smoke Labs,Smoke Labs,400-126 York Street,"400-126, rue York",Ottawa,ON,K1N 5T5,K1N 5T5,,,20180625,http://smokelabs.net/,,FP526,,Gaming,267
Going Loud Studios,Going Loud Studios,42 Crystal Beach Dr,"42, prom Crystal Beach",Ottawa,ON,K2H 5M8,K2H 5M8,,,20180625,goingloudstudios.com/,,FP517,,Gaming,268
Sylien Games,Sylien Games,52 Preston St.,"52, rue Preston",Ottawa,ON,K1R 7N7,K1R 7N7,,,20180625,http://www.sylien.com/,,FP509,,Gaming,269
Snowed In Studios,Snowed In Studios,520-700 Industrial Avenue,"520-700, av Industrial",Ottawa,ON,K1G 0Y9,K1G 0Y9,,,20180625,http://www.snowedin.ca/,,FP508,,Gaming,270
Geerts Roofing,Geerts Roofing,1 Matilda Gate,"1, Mitilda",Ottawa,ON,K0A 2Z0,K0A 2Z0,613-880-1900,bill@geertsroofing.com,20180626,http://www.geertsroofing.com/,,FP454,,Heritage Trades,271
Edward J Cuhaci and Associates Architects Inc,Edward J Cuhaci and Associates Architects Inc,100-171 Slater Street,"100-171, rue Slater",Ottawa,ON,K1P 5H7,K1P 5H7,613-236-7135,info@cuhaci.com,20180626,http://www.cuhaci.com/,,FP436,,Heritage Trades,272
Fridgen Fenestration Ltd.,Fridgen Fenestration Ltd.,1010 Thomas Spratt Place #2,"2-1010, pl Thomas Spratt",Ottawa,ON,K1G 5L5,K1G 5L5,613-247-4700,info@fridgenfenestration.com,20180626,http://www.fridgenfenestration.com/,,FP461,,Heritage Trades,273
Asbex Ltd.,Asbex Ltd.,101-2710 Lancaster Road,"101-2710, chemin Lancaster",Ottawa,ON,K1B 4W8,K1B 4W8,613-228-1080,ottawa@asbex.net,20180626,http://www.asbex.net/,,FP460,,Heritage Trades,274
Mark T. Brandt Architect & Associates,Mark T. Brandt Architect & Associates,102-112 Nelson St,"102-112, rue Nelson",Ottawa,ON,K1N 7R5,K1N 7R5,613-244-2323,info@mtbarch.com,20180626,http://mtbarch.com/,,FP484,,Heritage Trades,275
CSV Consultants Inc,CSV Consultants Inc,1066 Somerset Street West,"1066, rue Somerset Ouest",Ottawa,ON,K1Y 4T3,K1Y 4T3,613-564-8118,info@csv.ca,20180626,http://www.csv.ca/,,FP435,,Heritage Trades,276
Craig Johnson Restoration Ltd.,Craig Johnson Restoration Ltd.,12-1541 Star Top Road,"12-1541, chemin Star Top",Ottawa,ON,K1B 5W5,K1B 5W5,613-744-0945,cjr@gilding-supplies.com,20180626,,,FP465,,Heritage Trades,277
Multi Service Restoration Ltd.,Multi Service Restoration Ltd.,1308 Shillington Ave,"1308, av Shillington",Ottawa,ON,K1Z 8A5,K1Z 8A5,613-728-3799,,20180626,,,FP485,,Heritage Trades,278
Heritage House Millwork,Heritage House Millwork,1425 Cyrville Rd,"1425, chemin Cyrville",Ottawa,ON,K1B 3L7,K1B 3L7,613-736-6776,,20180626,http://hhmillwork.wix.com/hhmillwork,,FP480,,Heritage Trades,279
J. C. Sulpher Construction Ltd.,J. C. Sulpher Construction Ltd.,1525 Sieveright Rd,"1525, chemin Sieveright",Ottawa,ON,K1T 1M5,K1T 1M5,613-726-7715,,20180626,,,FP448,,Heritage Trades,280
Rishworth Stained Glass,Rishworth Stained Glass,153 Preston St,"153, rue Preston",Ottawa,ON,K1R 7P6,K1R 7P6,613-725-1151,prestonandlieff@rogers.com,20180626,,,FP491,,Heritage Trades,281
Vincent Spirito & Sons Ltd,Vincent Spirito & Sons Ltd,"1550 Liverpool Court, Bay 8","8-1550, Liverpool",Ottawa,ON,K1B 4L2,K1B 4L2,613-745-4630,Robert@spirito.ca,20180626,http://www.spirito.ca/,,FP451,,Heritage Trades,282
Ottawa Brass Ltd.,Ottawa Brass Ltd.,17E Enterprise Avenue,"17E, av Enterprise",Ottawa,ON,K2G 0A7,K2G 0A7,613-226-1564,service@ottawabrass.on.ca,20180626,http://www.ottawabrass.on.ca/,,FP452,,Heritage Trades,283
Atkinson Stonecraft Masonry Ltd.,Atkinson Stonecraft Masonry Ltd.,191 Strathcona Avenue,"191, av Strathcona",Ottawa,ON,K1S 1X7,K1S 1X7,613-231-5857,,20180626,,,FP447,,Heritage Trades,284
John G Cooke & Associates,John G Cooke & Associates,200-17 Fitzgerald Road,"200-17, chemin Fitzgerald",Ottawa,ON,K2H 9G1,K2H 9G1,613-226-8718,mailbox@jgcooke.com,20180626,http://www.jgcooke.com/,,FP442,,Heritage Trades,285
Nevado Artistic Plaster Ltd.,Nevado Artistic Plaster Ltd.,22 Cleopatra Drive,"22, prom Cleopatra",Ottawa,ON,K2G 0B3,K2G 0B3,613-228-0743,info@nevadoartisticplaster.ca ,20180626,http://www.nevadoartisticplaster.ca/,,FP453,,Heritage Trades,286
Heritage Grade Architectural Restoration Services,Heritage Grade Architectural Restoration Services,2280 Stevenage Dr,"2280, prom Stevenage",Ottawa,ON,K1G 3W3,K1G 3W3,613-728-3971,ottawa@heritagegrade.com,20180626,http://heritagegrade.com/,,FP462,,Heritage Trades,287
Larivi�re Construction (Ontario) Ltd.,Larivi�re Construction (Ontario) Ltd.,231 Bank St,"231, rue Bank",Ottawa,ON,K2P 1W9,K2P 1W9,613-567-2280,info@lariviereconstruction.com,20180626,http://www.lariviereconstruction.com,,FP449,,Heritage Trades,288
Ottawa Conservation Studio,Ottawa Conservation Studio,2380 Holly Lane,"2380, rle Holly",Ottawa,ON,K1V 7P1,K1V 7P1,613-737-0361,,20180626,,,FP438,,Heritage Trades,289
The Woodturner,The Woodturner,2477 Huntley Rd,"2477, ch Huntley",Ottawa,ON,K2S 1B8,K2S 1B8,613-838-8833,woodturner@live.ca,20180626,http://www.thewoodturnercorp.biz/,,FP494,,Heritage Trades,290
Waverley Construction Co,Waverley Construction Co,306-1827 Woodward Drive,"306-1827, prom Woodward",Ottawa,ON,K2C 0P9,K2C 0P9,613-745-7787,,20180626,,,FP440,,Heritage Trades,291
B. J. Normand Ltd,B. J. Normand Ltd,3200 Swansea Crescent,"3200, crois Swansea",Ottawa,ON,K1G 3W4,K1G 3W4,613-744-8100,estimating@bjnormand.com,20180626,http://www.bjnormand.com/,,FP457,,Heritage Trades,292
E. R. Jonas Building Restoration Ltd,E. R. Jonas Building Restoration Ltd,3717 St. Joseph Blvd,"3717, boul St. Joseph",Ottawa,ON,K1C 1T1,K1C 1T1,613-837-0111,paul@jonasrestoration.com,20180626,http://www.jonasrestoration.com/,,FP475,,Heritage Trades,293
Barry Padolsky & Associates,Barry Padolsky & Associates,377 Dalhousie Street,"377, rue Dalhousie",Ottawa,ON,K1N 9N8,K1N 9N8,613-241-7198,email@padolsky-architects.com,20180626,http://padolsky-architects.com/,,FP434,,Heritage Trades,294
Lowrey's Roofing Specialists,Lowrey's Roofing Specialists,38 Howden Ave,"38, av Howden",Ottawa,ON,K2G 3H6,K2G 3H6,613-225-3900,joe@lowreys.ca,20180626,,,FP455,,Heritage Trades,295
Halsall Associates Ltd,Halsall Associates Ltd,4001-210 Gladstone Avenue,"4001-210, av Gladstone",Ottawa,ON,K2P 0Y6,K2P 0Y6,613-237-2462,ottawa@halsall.com,20180626,http://www.halsall.com/,,FP441,,Heritage Trades,296
J.D. Sanderson Incorporated,J.D. Sanderson Incorporated,437 Catherine Street,"437, rue Catherine",Ottawa,ON,K1R 5T7,K1R 5T7,613-233-9369,info@sandersonroofing.com,20180626,http://www.sandersonroofing.com/,,FP456,,Heritage Trades,297
Denys Builds Designs,Denys Builds Designs,54 Mason Terrace,"54, tsse Mason",Ottawa,ON,K1S 0K9,K1S 0K9,613-236-6516,info@denys.ca,20180626,http://www.denys.ca/,,FP444,,Heritage Trades,298
De Marinis (DMA) Inc.,De Marinis (DMA) Inc.,56 Bentley Ave,"56, av Bentley",Ottawa,ON,K2E 6T8,K2E 6T8,613-226-1550,,20180626,,,FP471,,Heritage Trades,299
Renovatek Construction Inc.,Renovatek Construction Inc.,59-5450 Canotek Road,"59-5450, chemin Canotek",Ottawa,ON,K1J 9G5,K1J 9G5,613-747-4586,info@renovatek.com,20180626,http://www.renovatek.com/,,FP490,,Heritage Trades,300
Jumec Construction Inc.,Jumec Construction Inc.,6 Bexley Place,"6, place Bexley",Ottawa,ON,K2H 8W2,K2H 8W2,613-721-1145,,20180626,https://www.jumec.com/,,FP458,,Heritage Trades,301
Adams & Kennedy - The Wood Source,Adams & Kennedy - The Wood Source,6178 Mitch Owens Road,"6178, chemin Mitch Owens",Ottawa,ON,,,613-822-6800,info@wood-source.com,20180626,http://www.wood-source.com/,,FP467,,Heritage Trades,302
Barry J Hobin. & Associates,Barry J Hobin. & Associates,63 Pamilla Street,"63, rue Pamilla",Ottawa,ON,K1S 3K7,K1S 3K7,613-238-7200,mail@hobinarc.com,20180626,http://www.hobinarc.com,,FP433,,Heritage Trades,303
Engel Construction,Engel Construction,633 Melbourne Ave,"633, av Melbourne",Ottawa,ON,K2A 1W9,K2A 1W9,613-729-6730,engelconstruction@rogers.com,20180626,,,FP476,,Heritage Trades,304
Tangent Building Systems Inc.,Tangent Building Systems Inc.,65 Bentley Avenue,"65, av Bentley",Ottawa,ON,K2E 8B4,K2E 8B4,613-798-8130,info@tangentbuildingsystems.com,20180626,http://www.tangentbuildingsystems.com,,FP459,,Heritage Trades,305
Paranis Construction Inc.,Paranis Construction Inc.,676 Claude St,"676, rue Claude",Ottawa,ON,K1K 2R9,K1K 2R9,613-742-7639,info@paranis.ca,20180626,http://www.paranis.ca/,,FP488,,Heritage Trades,306
Ontario Iron Works Limited,Ontario Iron Works Limited,6933 McKeown Drive,"6933, prom McKeown",Ottawa,ON,K4P 1A2,K4P 1A2,613-821-4011,,20180626,,,FP486,,Heritage Trades,307
Colizza Bruni Architecture,Colizza Bruni Architecture,76 Chamberlain Avenue,"76, av Chamberlain",Ottawa,ON,K1S 1V9,K1S 1V9,613-236-2944,info@colizzabruni.com,20180626,http://www.colizzabruni.com/,,FP437,,Heritage Trades,308
Lari Construction,Lari Construction,84 Dufferin Rd,"84, chemin Dufferin",Ottawa,ON,K1M 2A6,K1M 2A6,613-567-5274,info@lariconstruction.com,20180626,http://lariconstruction.com/,,FP445,,Heritage Trades,309
Cada Constructions Inc,Cada Constructions Inc,854C Boyd Avenue,"854C, av Boyd",Ottawa,ON,K2A 2E1,K2A 2E1,613-238-1835,info@cadacon.ca,20180626,http://www.cadacon.ca/,,FP443,,Heritage Trades,310
Dublin Masonry Inc.,Dublin Masonry Inc.,9 Marwood Court,"9, Marwood",Ottawa,ON,K2J 5G1,K2J 5G1,613-692-4417,,20180626,,,FP474,,Heritage Trades,311
Cohen and Cohen,Cohen and Cohen,92 Bentley Avenue,"92, av Bentley",Ottawa,ON,K2E 6T9,K2E 6T9,613-321-4838,,20180626,http://www.cohenandcohen.com/,,FP446,,Heritage Trades,312
Northern Art Glass Inc.,Northern Art Glass Inc.,955A Gladstone Avenue,"955A, av Gladstone",Ottawa,ON,K1Y 3E5,K1Y 3E5,613-722-4852,info@northernartglass.com,20180626,http://www.northernartglass.com/,,FP463,,Heritage Trades,313
Stained Glass Stuff,Stained Glass Stuff,9-911 Richmond Road,"9-911, chemin Richmond",Ottawa,ON,K2A 0G8,K2A 0G8,613-722-8702,info@stainedglassstuff.com,20180626,http://www.stainedglassstuff.com/,,FP464,,Heritage Trades,314
Barbara Ann Studios,Barbara Ann Studios,179 George St,"179, rue George",Ottawa,ON,K1N 1J8,K1N 1J8,613-850-9378,info@Barbara-Ann-Studios.com,20180627,https://www.barbara-ann-studios.com/,,FP289,,Photography,315
CHANTAL BENOIT PHOTOGRAPHERS,CHANTAL BENOIT PHOTOGRAPHERS,363 Oaklawn Crescent,"363, crois Oaklawn",Ottawa,ON,K4A 3J4,K4A 3J4,613-841-1469,info@chantalbenoit.com,20180627,http://chantalbenoitphotographer.com/,,FP241,,Photography,316
ALAIN G DAGENAIS PHOTOGRAPHER,ALAIN G DAGENAIS PHOTOGRAPHER,1161 Meadowcroft Crescent,"1161, crois Meadowcroft",Ottawa,ON,K1J 1A8,K1J 1A8,613-740-0153,,20180627,http://dagenaisphotographe.com/,,FP227,,Photography,317
JEFF RYAN PHOTOGRAPHY,JEFF RYAN PHOTOGRAPHY,1550 Chatelain Avenue,"1550, av Chatelain",Ottawa,ON,K1Z 5K2,K1Z 5K2,613-599-5363,jeffryan@storm.ca,20180627,https://jeffryan-photography.com/,,FP263,,Photography,318
PHOTOWORKS,PHOTOWORKS,10-1010 Polytek Rd,"10-1010, chemin Polytek",Ottawa,ON,K1J 9H9,K1J 9H9,,,20180627,http://ottawaphotoworks.com/,,FP270,,Photography,319
MARIO P MENARD PROFESSIONAL PHOTOGRAPHER,MARIO P MENARD PROFESSIONAL PHOTOGRAPHER,1856 Cloverlawn Crescent,"1856, crois Cloverlawn",Ottawa,ON,K1J 6V2,K1J 6V2,613-866-7548,info@ottawaportrait.com,20180627,http://ottawaportrait.com/,,FP242,,Photography,320
Ralph Nevins Photography,Ralph Nevins Photography,12 Donnington Pl,"12, place Donnington",Ottawa,ON,K2H 7K8,K2H 7K8,613-829-4154,ralph@nevins.ca,20180627,http://ralph.ca/,http://ralph.ca/,FP715,,Photography,321
10D STUDIO,10D STUDIO,1695 Playfair Drive,"1695, prom Playfair",Ottawa,ON,K1H 8J6,K1H 8J6,613-797-1204,studio@10ds.ca,20180627,http://www.10ds.ca/,,FP234,,Photography,322
ALAN DEAN PHOTOGRAPHY,ALAN DEAN PHOTOGRAPHY,1295 Wellington Street West,"1295, rue Wellington Ouest",Ottawa,ON,K1Y 3B1,K1Y 3B1,613-798-9812,alandean@magma.ca,20180627,http://www.alandeanphotography.com/,,FP253,,Photography,323
ANNEMARIE GRUDEN PHOTOGRAPHY,ANNEMARIE GRUDEN PHOTOGRAPHY,3 Jacqueline Crescent,"3, crois Jacqueline",Ottawa,ON,K2S 1M1,K2S 1M1,613-266-3021,info@amgphoto.com,20180627,http://www.amgphoto.com/,,FP268,,Photography,324
ANGELS & HAKANS PHOTOGRAPHY,ANGELS & HAKANS PHOTOGRAPHY,200-1018 Merivale  Rd,"200-1018, chemin Merivale",Ottawa,ON,K1Z 6A5,K1Z 6A5,613-729-1583,hakan@angelsphotography.com,20180627,http://www.angelsphotography.com/,,FP249,,Photography,325
ANDREW BALFOUR PHOTOGRAPHY,ANDREW BALFOUR PHOTOGRAPHY,115 Holmwood Avenue,"115, av Holmwood",Ottawa,ON,K1S 2P1,K1S 2P1,613-594-5896,balfourphoto@rogers.com,20180627,http://www.balfourphoto.com/,,FP246,,Photography,326
BYFIELD PITMAN PHOTOGRAPHY,BYFIELD PITMAN PHOTOGRAPHY,891 Boyd Ave,"891, av Boyd",Ottawa,ON,K2A 2E2,K2A 2E2,613-742-8873,info@byfieldpitman.com,20180627,http://www.byfieldpitman.com/,,FP245,,Photography,327
CAPITAL SPORTS PHOTO,CAPITAL SPORTS PHOTO,10-1010 Polytek Rd,"10-1010, chemin Polytek",Ottawa,ON,K1J 9H9,K1J 9H9,,,20180627,http://www.capitalsportsphoto.com/,,FP225,,Photography,328
CATTROLL Photography & Videography,CATTROLL Photography & Videography,146 Whernside Terrance,"146, tsse Whernside",Ottawa,ON,K2W 0C6,K2W 0C6,,,20180627,http://www.cattroll.com/,,FP271,,Photography,329
COCHRANE PHOTOGRAPHY INC,COCHRANE PHOTOGRAPHY INC,90 Grosvenor Avenue,"90, av Grosvenor",Ottawa,ON,K1S 4S6,K1S 4S6,,jim@cochranephoto.com,20180627,http://www.cochranephoto.com/cochranelogo.html,,FP281,,Photography,330
COUVRETTE STUDIO,COUVRETTE STUDIO,430 Gladstone Avenue,"430, av Gladstone",Ottawa,ON,K2P 0Z1,K2P 0Z1,,,20180627,http://www.couvrette-photography.on.ca/,,FP247,,Photography,331
DESMARAIS PHOTOGRAPHY,DESMARAIS PHOTOGRAPHY,85 Bronson Ave,"85, av Bronson",Ottawa,ON,K1R 6G7,K1R 6G7,613-793-1976,,20180627,http://www.desmarais-photography.com/,,FP285,,Photography,332
EARL HAVLIN PHOTOGRAPHY,EARL HAVLIN PHOTOGRAPHY,3-124 Breezehill Ave North,"3-124, av Breezehill Nord",Ottawa,ON,K1Y 2H8,K1Y 2H8,613-739-3275,earlhavlin@gmail.com,20180627,http://www.earlhavlin.ca/,,FP284,,Photography,333
St-Amour Fine Art Photography,St-Amour Fine Art Photography,15 RUE DES POIRIERS,15 RUE DES POIRIERS,Cantley,QC,J8V 3R5,J8V 3R5,613-235-0909,luc@execphoto.ca,20180627,http://www.execphoto.ca/,,FP261,,Photography,334
STEPHEN FENN PHOTOGRAPHY,STEPHEN FENN PHOTOGRAPHY,734 Ludgate Court,"734, Ludgate",Ottawa,ON,K1J 8K9,K1J 8K9,613-492-2906,sfenn@fennphotovideo.com,20180627,http://www.fennphotovideo.com/default.aspx?display=text,,FP287,,Photography,335
HARQUAIL PHOTOGRAPHY,HARQUAIL PHOTOGRAPHY,1411 Carling Ave,"1411, av Carling",Ottawa,ON,K1Z 7L6,K1Z 7L6,613-237-4268,,20180627,,,FP286,,Photography,336
ICON IMAGING,ICON IMAGING,41 Rueter St,"41, rue Rueter",Ottawa,ON,K2J 3Z9,K2J 3Z9,613-440-4040,info@iconimaging.ca,20180627,http://www.iconimaging.ca/main.htm,,FP275,,Photography,337
JEROME PHOTOGRAPHY,JEROME PHOTOGRAPHY,166 Crocus Ave,"166, av Crocus",Ottawa,ON,K1H 6E6,K1H 6E6,613-747-0607,care@jeromephotographer.com,20180627,http://www.jeromephotography.com/,,FP262,,Photography,338
STUDIO GR MARTIN,STUDIO GR MARTIN,2080 Old Montreal Road,"2080, chemin Montreal",Ottawa,ON,K4C 1G8,K4C 1G8,613-833-3335,photoinfo@martinphotography.ca,20180627,http://www.martinphotography.ca/,,FP224,,Photography,339
METROPOLIS STUDIO,METROPOLIS STUDIO,88 Riverdale Avenue,"88, av Riverdale",Ottawa,ON,K1S 1R2,K1S 1R2,613-567-5572,marcf@metropolisstudio.com,20180627,http://www.metropolisstudio.com/#/metropolis,,FP280,,Photography,340
MIV PHOTOGRAPHY,MIV PHOTOGRAPHY,597 Byron Ave,"597, av Byron",Ottawa,ON,K2A 4C4,K2A 4C4,613-727-1355,info@mivphotography.com,20180627,http://www.mivphotography.com/,,FP257,,Photography,341
FLEISCHER PHOTOGRAPHY,FLEISCHER PHOTOGRAPHY,728 Parkdale Ave,"728, av Parkdale",Ottawa,ON,K1Y 1J6,K1Y 1J6,,info@ottawawedding.com,20180627,http://ottawawedding.com/,,FP250,,Photography,342
PHILLIPSON & BAUM,PHILLIPSON & BAUM,,,Almonte,ON,K0A 1A0,K0A 1A0,613-219-7352,info@phillipsonbaum.com,20180627,http://www.phillipsonbaum.com/,,FP259,,Photography,343
PHOTOLUX,PHOTOLUX,197 Preston St,"197, rue Preston",Ottawa,ON,K1R 7P8,K1R 7P8,,info@photoluxstudio.com ,20180627,http://www.photoluxstudio.com/,,FP248,,Photography,344
ROY GROGAN PHOTOGRAPHER,ROY GROGAN PHOTOGRAPHER,44-710 Coronation Avenue,"44-710, av Coronation",Ottawa,ON,K1G 4G7,K1G 4G7,613-526-4090,roy@roygrogan.ca,20180627,http://www.roygrogan.ca/profile.htm,,FP288,,Photography,345
SPENCER STUDIO,SPENCER STUDIO,294-C Dalehurst Drive,"294C, prom Dalehurst",Ottawa,ON,K2G 4E4,K2G 4E4,613-226-2079,robin@spencerstudio.com,20180627,http://www.spencerstudio.com/,,FP232,,Photography,346
TECKLES PHOTOGRAPHY INC,TECKLES PHOTOGRAPHY INC,17A Ladouceur St,"17A, rue Ladouceur",Ottawa,ON,K1Y 2S9,K1Y 2S9,613-723-3400,teckles@tecklesphoto.com,20180627,http://www.tecklesphoto.com/3/artist.asp?ArtistID=20727&Akey=89LNVX4M,,FP274,,Photography,347
Dwayne Brown Studio,Dwayne Brown Studio,2583 Severn Avenue,"2583, av Severn",Ottawa,ON,K2B 7V8,K2B 7V8,,studio@dwaynebrown.com,20180627,www.dwaynebrown.com,,FP290,,Photography,348
HEADLIGHT INC,HEADLIGHT INC,100-75 Breezehill Ave North,"100-75, av Breezehill Nord",Ottawa,ON,K1Y 2H6,K1Y 2H6,,,20180627,,,FP283,,Photography,349
MUNN PHOTOGRAPHY,MUNN PHOTOGRAPHY,132 Holland Ave,"132, av Holland",Ottawa,ON,K1Y 0Y2,K1Y 0Y2,,,20180627,,,FP255,,Photography,350
RIDEAU COLOURS DIGITAL PHOTO,RIDEAU COLOURS DIGITAL PHOTO,168 Rideau St,"168, rue Rideau",Ottawa,ON,K1N 5X6,K1N 5X6,,,20180627,,,FP291,,Photography,351
CHERRY HILL PHOTO,CHERRY HILL PHOTO,34-2121 Carling Ave,"34-2121, av Carling",Ottawa,ON,K2A1S3,K2A1S3,,,20180627,,,FP277,,Photography,352
DOIRE PHOTOGRAPHY,DOIRE PHOTOGRAPHY,,,Ottawa,ON,K2B 7S9,K2B 7S9,,melaney@doirephotography.com,20180627,http://doirephotography.com/,,FP233,,Photography,353
ONE LOOK IMAGING,ONE LOOK IMAGING,,,Ottawa,ON,K2S 1B8,K2S 1B8,,info@onelookimaging.com,20180627,http://onelookimaging.com/,,FP269,,Photography,354
BLAKE PHOTOGRAPHY,BLAKE PHOTOGRAPHY,,,Ottawa,ON,K4B 1M5,K4B 1M5,,info@blakephotography.ca,20180627,http://www.blakephotography.ca/#,,FP273,,Photography,355
CLAUDE BRAZEAU PHOTOGRAPHER,CLAUDE BRAZEAU PHOTOGRAPHER,,,Ottawa,ON,K4A 0V3,K4A 0V3,,claude@brazeauphoto.com,20180627,http://www.brazeauphoto.com/,,FP251,,Photography,356
JAMES KNOX PHOTOGRAPHY,JAMES KNOX PHOTOGRAPHY,,,Ottawa,ON,K2K 2T3,K2K 2T3,,enquiries@JamesKnoxPhotography.com,20180627,http://www.jamesknoxphotography.com/,,FP229,,Photography,357
JULIE BUTLER PHOTOGRAPHY,JULIE BUTLER PHOTOGRAPHY,,,Ottawa,ON,K4A 5A1,K4A 5A1,,,20180627,http://juliecbutler.com/,,FP236,,Photography,358
MARILYN MIKKELSEN PHOTOGRAPHY,MARILYN MIKKELSEN PHOTOGRAPHY,,,Ottawa,ON,K2A 3C7,K2A 3C7,,mmikkelsen@rogers.com,20180627,,,FP264,,Photography,359
MARK COOPER PHOTOGRAPHY,MARK COOPER PHOTOGRAPHY,,,Ottawa,ON,K1G 1P7,K1G 1P7,,,20180627,http://www.markshots.com/,,FP260,,Photography,360
Melissa Gauthier PHOTOGRAPHY,Melissa Gauthier PHOTOGRAPHY,,,Ottawa,ON,K4A 4S1,K4A 4S1,,melissa@mjg-photos.com,20180627,http://www.melissagauthier.ca/,,FP237,,Photography,361
ROBERT MARLEAU PHOTOGRAPHY,ROBERT MARLEAU PHOTOGRAPHY,,,Ottawa,ON,K1C 3E5,K1C 3E5,,,20180627,http://www.robertmarleau.com/blog/,,FP240,,Photography,362
WILF OBERTHIER WEDDING PHOTO,WILF OBERTHIER WEDDING PHOTO,1404 Rainbow Cres,"1404, crois Rainbow",Ottawa,ON,K1J 8E2,K1J 8E2,613-746-8125,,20180627,,,FP226,,Photography,363
PHOTOS OUTAOUAIS,PHOTOS OUTAOUAIS,3023 Quail Run Ave,"3023, av Quail Run",Ottawa,ON,K1T 3S1,K1T 3S1,613-739-0062,,20180627,,,FP228,,Photography,364
GLAMOUR IMAGES WEDDING,GLAMOUR IMAGES WEDDING,,,Ottawa,ON,K4A 0J7,K4A 0J7,613-261-7500,glamourimages@hotmail.com,20180627,http://glamourimages.ca/index.php,,FP235,,Photography,365
JOHN R MC QUARRIE PHOTOGRAPHY,JOHN R MC QUARRIE PHOTOGRAPHY,,,Ottawa,ON,K1N 5E1,K1N 5E1,,,20180627,https://www.johnmcquarriephotography.com/,,FP278,,Photography,366
LIPMAN STILL PICTURE,LIPMAN STILL PICTURE,,,Ottawa,ON,K1N 6P7,K1N 6P7,,,20180627,https://www.lipman.ca/portfolio,,FP279,,Photography,367
Malak of Ottawa,Malak of Ottawa,,,Ottawa,ON,K1S 2G1,K1S 2G1,,,20180627,http://www.malakofottawa.ca/,,FP282,,Photography,368
VALBERG IMAGING INC,VALBERG IMAGING INC,111 Sherwood Drive,"111, prom Sherwood",Ottawa,ON,K1Y 3V1,K1Y 3V1,613-521-3117,info@valbergimaging.com,20180627,http://www.valbergimaging.com/,www.michellevalberg.com,FP258,,"Photography,Commercial Galleries",369
CANADA CHINA NEWS,CANADA CHINA NEWS,1 Cleopatra Dr,"1, prom Cleopatra",Ottawa,ON,K2G 3M9,K2G 3M9,613-233-1034,editor@canadachinanews.com,20180704,http://www.canadachinanews.com/,,FP675,,Publishing,370
ARC PUBLICATIONS,ARC PUBLICATIONS,1 Wellington St,"1, rue Wellington",Ottawa,ON,K1P 5A4,K1P 5A4,613-230-3029,arc@arcpub.com,20180704,http://www.arcpub.com/ARCPUBLICATIONS.htm,,FP644,,Publishing,371
Parenting Times,Parenting Times,"421 Richmond Road, Unit 67005","67005-421, ch Richmond",Ottawa,ON,K2A 4E4,K2A 4E4,613-656-3430,info@ottawaparentingtimes.ca,20180704,http://www.ottawaparentingtimes.ca/,,FP689,,Publishing,372
OTTAWA CITIZEN,OTTAWA CITIZEN,1101 Baxter Road,"1101, chemin Baxter",Ottawa,ON,K2C 3M4,K2C 3M4,613-829-9100,,20180704,http://www.ottawacitizen.com/,,FP688,,Publishing,373
ARC POETRY MAGAZINE,ARC POETRY MAGAZINE,111 Albert St,"111, rue Albert",Ottawa,ON,K1P 1B1,K1P 1B1,,,20180704,http://www.arcpoetry.ca/,,FP648,,Publishing,374
OTTAWA SUN,OTTAWA SUN,1101 Baxter Rd,"1101, chemin Baxter",Ottawa,ON,K2C 3M4,K2C 3M4,613-829-9100,,20180704,http://www.ottawasun.com/,,FP662,,Publishing,375
ECO LATINO,ECO LATINO,1244 Donald St,"1244, rue Donald",Ottawa,ON,K1J 8V6,K1J 8V6,613-565-1345,,20180704,https://www.facebook.com/ecolatinoottawa/?ref=py_c,,FP679,,Publishing,376
NRC RESEARCH PRESS,NRC RESEARCH PRESS,65 Auriga Dr,"65, prom Auriga",Ottawa,ON,K2E 7W6,K2E 7W6,613-656-9846,pubs@cdnsciencepub.com,20180704,http://www.nrcresearchpress.com/,,FP698,,Publishing,377
PAN-AFRICAN PUBLICATIONS,PAN-AFRICAN PUBLICATIONS,128 Castlegreen Pvt,"128, rue Castlegreen",Ottawa,ON,K1T 3N2,K1T 3N2,,,20180704,,,FP621,,Publishing,378
NEW FEDERATION,NEW FEDERATION,130 Albert Street,"130, rue Albert",Ottawa,ON,K1P 5G4,K1P 5G4,613-230-6017,,20180704,http://www.newfederation.org/home-e.htm,,FP638,,Publishing,379
HEALTH TIMES,HEALTH TIMES,148 Colonnade Road,"148, chemin Colonnade",Ottawa,ON,K2E 7R4,K2E 7R4,,,20180704,,,FP670,,Publishing,380
INTERNATIONAL DEVELOPMENT RESEARCH CENTER,INTERNATIONAL DEVELOPMENT RESEARCH CENTER,150 Kent Street,"150, rue Kent",Ottawa,ON,K1P 0B2,K1P 0B2,613-236-6163,,20180704,https://www.idrc.ca/,,FP701,,Publishing,381
CANADIAN PRESS,CANADIAN PRESS,"56 Sparks St., Suite 705","705-56, rue Sparks",Ottawa,ON,K1P 5A9,K1P 5A9,613-236-4122,,20180704,http://www.thecanadianpress.com/,,FP625,,Publishing,382
GLEBE REPORT,GLEBE REPORT,175 Third Ave,"175, av Third",Ottawa,ON,K1S 2K2,K1S 2K2,,,20180704,http://www.glebereport.ca/,,FP677,,Publishing,383
O'BRIEN PUBLISHING,O'BRIEN PUBLISHING,"176 Gloucester St, suite 401","401-176, rue Gloucester",Ottawa,ON,K2P 0A6,K2P 0A6,,,20180704,,,FP639,,Publishing,384
OVER THE ROAD,OVER THE ROAD,18 Parkglen Drive,"18, prom Parkglen",Ottawa,ON,K2G 3H2,K2G 3H2,613-224-9947,OTR@OTRGROUP.CA,20180704,http://www.overtheroad.ca/,,FP632,,Publishing,385
CEBRA PUBLISHING,CEBRA PUBLISHING,,,Ottawa,ON,,K1G 1R1,,,20180704,,,FP619,,Publishing,386
CUATIVE & CO,CUATIVE & CO,202-260 St. Patrick St,"202-260, rue St. Patrick",Ottawa,ON,K1N 5K5,K1N 5K5,,,20180704,http://cuative.com/website/,,FP641,,Publishing,387
L'ORA DI OTTAWA,L'ORA DI OTTAWA,"865 Gladstone Avenue, Suite 101","101-865, av Gladstone",Ottawa,ON,K1R 7T4,K1R 7T4,613-232-5689,,20180704,http://loradiottawa.ca/,,FP684,,Publishing,388
ESPRIT DE CORPS,ESPRIT DE CORPS,204-1066 Somerset St. West,"204-1066, rue Somerset Ouest",Ottawa,ON,K1Y 4T3,K1Y 4T3,613-725-5060,INFO@ESPRITDECORPS.CA,20180704,http://espritdecorps.ca/,,FP642,,Publishing,389
OBERON PRESS,OBERON PRESS,205-145 Spruce Street,"205-145, rue Spruce",Ottawa,ON,K1R 6P1,K1R 6P1,613-238-3275,oberon@sympatico.ca,20180704,http://www.oberonpress.ca/,,FP624,,Publishing,390
MIMI PUBLISHING,MIMI PUBLISHING,224-532 Montreal Road,"224-532, chemin Montreal",Ottawa,ON,K1K 4R4,K1K 4R4,613-868-9862,info@mimipublishing.com,20180704,http://www.mimipublishing.com/,,FP615,,Publishing,391
EASTERN ONTARIO FARMERS FORUM,EASTERN ONTARIO FARMERS FORUM,2450 Lancaster Road.,"2450, chemin Lancaster",Ottawa,ON,K1B 5N3,K1B 5N3,,,20180704,,,FP692,,Publishing,392
CANADIAN CONFERENCE OF CATHOLIC BISHOPS PUBLISHING,CANADIAN CONFERENCE OF CATHOLIC BISHOPS PUBLISHING,2500 Don Reid Drive,"2500, prom Don Reid",Ottawa,ON,K1H 2J2,K1H 2J2,,publi@cccb.ca,20180704,http://www.cccbpublications.ca/,,FP654,,Publishing,393
LES EDITIONS INTERLIGNES,LES EDITIONS INTERLIGNES,261 Montreal Rd,"261, chemin Montreal",Ottawa,ON,K1L 8C7,K1L 8C7,,,20180704,http://www.interligne.ca/,,FP650,,Publishing,394
SUMMIT GROUP,SUMMIT GROUP,263 Holmwood Avenue,"263, av Holmwood",Ottawa,ON,K1S 2P8,K1S 2P8,613-688-0763,info@summitconnects.com,20180704,http://www.summitconnects.com/,,FP634,,Publishing,395
OTTAWA OUTDOORS MAGAZINE,OTTAWA OUTDOORS MAGAZINE,2706 Alta Vista Drive,"2706, prom Alta Vista",Ottawa,ON,K1V 7T4,K1V 7T4,613-860-8687,editor@ottawaoutdoors.ca  ,20180704,http://www.ottawaoutdoors.ca/,,FP645,,Publishing,396
BAICO PUBLISHING & DISTR,BAICO PUBLISHING & DISTR,294 Albert Street,"294, rue Albert",Ottawa,ON,K1P 6E6,K1P 6E6,,,20180704,http://baico.ca/html/index.cfm,,FP712,,Publishing,397
OTTAWA LIFE MAGAZINE,OTTAWA LIFE MAGAZINE,301 Metcalfe St,"301, rue Metcalfe",Ottawa,ON,K2P 1S3,K2P 1S3,,info@ottawalife.com,20180704,http://www.ottawalife.com/,,FP627,,Publishing,398
INTERNATIONAL COUNCIL FOR CANADIAN STUDIES,INTERNATIONAL COUNCIL FOR CANADIAN STUDIES,"1620 Scott Street, Unit 8","8-1620, rue Scott",Ottawa,ON,K1Y 4V1,K1Y 4V1,819-561-5383,,20180704,http://www.iccs-ciec.ca/,,FP700,,Publishing,399
EDITION DU VERMILLION,EDITION DU VERMILLION,305 St Patrick St,"305, rue St. Patrick",Ottawa,ON,K1N 5K4,K1N 5K4,,,20180704,http://www.leseditionsduvermillon.ca/Francais/index.html,,FP649,,Publishing,400
Orl�ans Star / Orl�ans Online,Orl�ans Star / Orl�ans Online,30-5300 Canotek Rd,"30-5300, chemin Canotek",Ottawa,ON,K1J 1A4,K1J 1A4,,,20180704,http://www.orleansstar.ca/,,FP659,,Publishing,401
MANOTICK MESSENGER,MANOTICK MESSENGER,3201 County Rd,"3201, chemin County",Ottawa,ON,,,613-692-6000,,20180704,http://www.manotickmessenger.on.ca/,,FP663,,Publishing,402
EDITIONS DAVID,�DITIONS DAVID,335-B Cumberland St,"335B, rue Cumberland",Ottawa,ON,K1N 7J3,K1N 7J3,613-830-3336,Info@editionsdavid.com,20180704,http://editionsdavid.com/,,FP651,,Publishing,403
TINY HEARTS MAGAZINE,TINY HEARTS MAGAZINE,229-1568 Merivale Rd,"229-1568, ch Merivale",Ottawa,ON,K2G 5Y7,K2G 5Y7,613-224-0070,mail@tinyheartsmagazine.ca,20180704,http://www.tinyheartsmagazine.ca/,,FP707,,Publishing,404
NATIONAL GALLERY OF CANADA PUBLISHING,NATIONAL GALLERY OF CANADA PUBLISHING,380 Sussex Drive,"380, prom Sussex",Ottawa,ON,K1N 9N4,K1N 9N4,,,20180704,http://www.gallery.ca/en/publications/index.php,,FP702,,Publishing,405
CAPITAL STYLE MAGAZINE,CAPITAL STYLE MAGAZINE,403-99 Fifth Ave,"403-99, av Fifth",Ottawa,ON,K1S 5P5,K1S 5P5,,,20180704,http://www.capitalstyle.ca/,,FP647,,Publishing,406
NEWSWEST INC,NEWSWEST INC,132 Bayview Rd,"132, ch Bayview",Ottawa,ON,K1Y 2C6,K1Y 2C6,,editor@newswest.org,20180704,http://newswest.org/,,FP687,,Publishing,407
WHERE MAGAZINE/BROCHURE DISTR,WHERE MAGAZINE/BROCHURE DISTR,43 Eccles Street,"43, rue Eccles",Ottawa,ON,K1R 6S3,K1R 6S3,613-230-0333,joseph.mathieu@stjoseph.com,20180704,http://where.ca/,,FP640,,Publishing,408
OTTAWA MAGAZINE,OTTAWA MAGAZINE,43 Eccles Street,"43, rue Eccles",Ottawa,ON,K1R 6S3,K1R 6S3,613-230-0333,,20180704,http://www.ottawamagazine.com/,,FP703,,Publishing,409
Stittsville Central,Stittsville Central,,,Stittsville,ON,,,,feedback@stittsvillecentral.ca,20180704,https://stittsvillecentral.ca/,,FP695,,Publishing,410
BUSCHEK BOOKS,BUSCHEK BOOKS,5 Beechwood Avenue,"5, av Beechwood",Ottawa,ON,K1M 2H9,K1M 2H9,,,20180704,http://www.buschekbooks.com/,,FP653,,Publishing,411
BARRHAVEN INDEPENDENT,BARRHAVEN INDEPENDENT,5 Tedwyn Dr,"5, prom Tedwyn",Ottawa,ON,K2J 1R3,K2J 1R3,613-692-6000,,20180704,http://www.barrhavenindependent.on.ca/,,FP664,,Publishing,412
L'EXPRESS,L'EXPRESS,5300 Canotek Rd,"5300, chemin Canotek",Ottawa,ON,K1J 1A4,K1J 1A4,,,20180704,http://www.expressottawa.ca/,,FP657,,Publishing,413
OTTAWA BUSINESS JOURNAL,OTTAWA BUSINESS JOURNAL,5300 Canotek Rd,"5300, chemin Canotek",Ottawa,ON,K1J 1A4,K1J 1A4,,,20180704,http://www.obj.ca/,,FP658,,Publishing,414
TRANSCONTINENTAL MEDIA,TRANSCONTINENTAL MEDIA,5300 Canotek Rd,"5300, chemin Canotek",Ottawa,ON,K1J 1A4,K1J 1A4,,,20180704,http://tctranscontinental.com/en/,,FP660,,Publishing,415
UNIVERSITY OF OTTAWA PRESS,UNIVERSITY OF OTTAWA PRESS,542 King Edward Avenue,"542, av King Edward",Ottawa,ON,K1N 6N5,K1N 6N5,,,20180704,http://www.press.uottawa.ca/,,FP699,,Publishing,416
GAZETTE (UNIVERSITY OF OTTAWA),GAZETTE (UNIVERSITY OF OTTAWA),550 Cumberland St,"550, rue Cumberland",Ottawa,ON,K1N 6N5,K1N 6N5,,,20180704,http://www.gazette.uottawa.ca/en,,FP696,,Publishing,417
GUERILLA MAGAZINE,GUERILLA MAGAZINE,5-60 Greenfield Ave,"5-60, av Greenfield",Ottawa,ON,K1S OX7,K1S OX7,,,20180704,http://getguerilla.ca/,,FP704,,Publishing,418
TONE MAGAZINE,TONE MAGAZINE,680 Eagleson Road,"680, ch Eagleson",Ottawa,ON,K2M 2Y1,K2M 2Y1,613-435-8663,tonemagazine@rogers.com,20180704,http://www.tone.ca/,,FP636,,Publishing,419
GAMMAZON INC,GAMMAZON INC,593 Devonwood Cir,"593, cercl Devonwood",Ottawa,ON,K1T 4E6,K1T 4E6,,,20180704,,,FP622,,Publishing,420
ASSOCIATION OF UNIVERSITIES AND COLLEGES OF CANADA,ASSOCIATION OF UNIVERSITIES AND COLLEGES OF CANADA,1710-350 Albert Street,"1710-350, rue Albert",Ottawa,ON,K1R 1B1,K1R 1B1,613-563-1236,info@univcan.ca,20180704,http://www.aucc.ca/,,FP652,,Publishing,421
COMMONERS' PUBLISHING,COMMONERS' PUBLISHING,631 Tubman Crescent,"631, crois Tubman",Ottawa,ON,K1V 8L5,K1V 8L5,613-523-2444,,20180704,http://commonerspublishing.com/,,FP616,,Publishing,422
LANDOWNER,LANDOWNER,6588 Fallowfield Rd,"6588, chemin Fallowfield",Ottawa,ON,K2S 1B8,K2S 1B8,613-831-9061,,20180704,http://landownermagazine.com/,,FP646,,Publishing,423
FIFTY-FIVE PLUS MAGAZINE,FIFTY-FIVE PLUS MAGAZINE,67 Neil Ave,"67, av Neil",Ottawa,ON,K2S 1B9,K2S 1B9,613-271-8903,,20180704,http://www.fifty-five-plus.com/,,FP629,,Publishing,424
OTTAWA WEDDING MAGAZINE,OTTAWA WEDDING MAGAZINE,67 Neil Ave,"67, av Neil",Ottawa,ON,K2S 1B9,K2S 1B9,613-271-8903,,20180704,http://www.ottawaweddingmagazine.com/,,FP705,,Publishing,425
EMBASSY MAGAZINE,EMBASSY MAGAZINE,"246 Queen Street, Suite 200","200-246, rue Queen",Ottawa,ON,K1P 5E4,K1P 5E4,,,20180704,http://www.embassymag.ca/,,FP706,,Publishing,426
THE HILL TIMES,THE HILL TIMES,"246 Queen Street, Suite 200","200-246, rue Queen",Ottawa,ON,K1P 5E4,K1P 5E4,613-232-5952,,20180704,http://www.hilltimes.com/,,FP708,,Publishing,427
THE WIRE REPORT,THE WIRE REPORT,"246 Queen Street, Suite 200","200-246, rue Queen",Ottawa,ON,K1P 5E4,K1P 5E4,613-288-1146,,20180704,http://www.thewirereport.ca/,,FP709,,Publishing,428
THE LOBBY MONITOR,THE LOBBY MONITOR,"246 Queen Street, Suite 200","200-246, rue Queen",Ottawa,ON,K1P 5E4,K1P 5E4,,,20180704,http://www.lobbymonitor.ca/,,FP710,,Publishing,429
PARLIAMENT NOW,PARLIAMENT NOW,"246 Queen Street, Suite 200","200-246, rue Queen",Ottawa,ON,K1P 5E4,K1P 5E4,613-232-5952,news@parliamentnow.ca,20180704,http://www.parliamentnow.ca/,,FP711,,Publishing,430
COMMUNICATIONS VOIR,COMMUNICATIONS VOIR,704 Somerset St W,"704, rue Somerset Ouest",Ottawa,ON,K1R 6P6,K1R 6P6,,,20180704,http://voir.ca/?edition=gatineauottawa,,FP678,,Publishing,431
BOREALIS PRESS,BOREALIS PRESS,8 Mohawk Cres,"8, crois Mohawk",Ottawa,ON,K2H 7G6,K2H 7G6,613-829-0150,drt@borealispress.com,20180704,http://www.borealispress.com/,,FP614,,Publishing,432
FLAGSTICK GOLF MAGAZINE,FLAGSTICK GOLF MAGAZINE,8374 Forest Green Crescent,"8374, crois Forest Glen",Ottawa,ON,K0A 2P0,K0A 2P0,613-821-0888,,20180704,http://www.flagstick.com/,,FP631,,Publishing,433
LEGION MAGAZINE,LEGION MAGAZINE,86 Aird Place,"86, place Aird",Ottawa,ON,K2L 0A1,K2L 0A1,613-591-0116,,20180704,http://www.legionmagazine.com/en/,,FP630,,Publishing,434
DC CANADA EDUCATION PUBLISHING,DC CANADA EDUCATION PUBLISHING,"180 Metcalfe Street, Suite 204","204-180, rue Metcalfe",Ottawa,ON,K2P 1P5,K2P 1P5,613-565-8885,info@dc-canada.ca,20180704,http://www.dc-canada.ca/,,FP655,,Publishing,435
EPOCH TIMES,EPOCH TIMES,2188-A Robertson Road,"2188A, ch Robertson",Ottawa,ON,K2H 5Z1,K2H 5Z1,613-820-2580,ottawa@epochtimes.com,20180704,http://www.theepochtimes.com/,,FP693,,Publishing,436
HOMES & LAND OF OTTAWA,HOMES & LAND OF OTTAWA,Fillmore Cres,crois Fillmore,Ottawa,ON,K1J 6A1,K1J 6A1,,,20180704,http://www.homesandland.com/,,FP628,,Publishing,437
CEF BOOKS,CEF BOOKS,Jockvale,Jockvale,Ottawa,ON,KIV 0W8,KIV 0W8,613-823-7000 ,,20180704,http://www.cefbooks.ca/,,FP617,,Publishing,438
LAWYERS WEEKLY,LAWYERS WEEKLY,Parliamentary Press Gallery,,Ottawa,ON,K1A 0A6,K1A 0A6,613-820-2794,cristin.schmitz@lexisnexis.ca,20180704,http://www.lawyersweekly.ca/index.php?section=contactinfo,,FP686,,Publishing,439
Art and Science Journal,Art and Science Journal,,,Ottawa,ON,,,,,20180704,http://www.artandsciencejournal.com/,,FP713,,Publishing,440
N CODE STUDIO,N CODE STUDIO,1-1010 Polytek St,"1-1010, rue Polytek",Ottawa,ON,K1J 9H8,K1J 9H8,613-742-6248,ncode.charles.f@gmail.com,20180705,,,FP302,,Recording,441
Audio Court,Audio Court,1-1570 Liverpool Court,"1-1570, Liverpool",Ottawa,ON,K1B 4L1,K1B 4L1,613-963-0162,recording@audiovalley.ca,20180705,http://www.audiovalley.ca/,,FP296,,Recording,442
Little Bullhorn Studios,Little Bullhorn Studios,137 Spruce St,"137, rue Spruce",Ottawa,ON,K1R 7N8,K1R 7N8,613-567-2296,,20180705,http://wwww.littlebullhorn.com,,FP294,,Recording,443
MEDIACOPY INC,MEDIACOPY INC,1382 Kilborn Ave,"1382, av Kilborn",Ottawa,ON,K1H 6L8,K1H 6L8,,,20180705,,,FP325,,Recording,444
Raven Street,Raven Street,1540 Raven Street,"1540, rue Raven",Ottawa,ON,K1Z 7Y9,K1Z 7Y9,613-798-0070,info@ravenstreet.com,20180705,http://www.ravenstreet.com/,,FP295,,Recording,445
U-BOAT STUDIOS,U-BOAT STUDIOS,159 Murray St,"159, rue Murray",Ottawa,ON,K1N 5M7,K1N 5M7,613-288-8101,rob@uboat.ca,20180705,,,FP309,,Recording,446
MUSS MUSIC PRODUCTIONS,MUSS MUSIC PRODUCTIONS,1690 Carling Ave,"1690, av Carling",Ottawa,ON,K2A 1C6,K2A 1C6,613-728-6877,steve@mussmusic.ca,20180705,http://www.dogandponysound.com/mussmusic.htm,,FP323,,Recording,447
Gallery Recording Studio,The Gallery,2 Monk St,"2, rue Monk",Ottawa,ON,K1S 3Y6,K1S 3Y6,613-236-6676,,20180705,http://galleryrecording.com/,,FP293,,Recording,448
CAPITAL REHEARSAL STUDIOS INC,CAPITAL REHEARSAL STUDIOS INC,202-250 City Centre Ave,"202-250, av City Centre",Ottawa,ON,K1R 6K7,K1R 6K7,,capitalrehearsal@rogers.com,20180705,http://www.capitalrehearsal.ca/,,FP315,,Recording,449
ISLE OF SKYE PRODUCTIONS INC,ISLE OF SKYE PRODUCTIONS INC,23 Deerfox Dr,"23, prom Deerfox",Ottawa,ON,K2J 4W3,K2J 4W3,613-823-3887,,20180705,http://www.isleofskyeinc.com/,,FP307,,Recording,450
HEALEY DISC MFG,HEALEY DISC MFG,3691 Revelstoke Dr,"3691, prom Revelstoke",Ottawa,ON,K1V 7C2,K1V 7C2,613-836-6010,,20180705,http://www.healeydisc.com/,,FP304,,Recording,451
Kelp Music,Kelp Music,404-207 Bank St,"404-207, rue Bank",Ottawa,ON,K2P 2N2,K2P 2N2,613-277-7389,info@kelprecords.com,20180705,http://kelprecords.com/,http://kelprecords.com/,FP900,,Recording,452
CHIQ PRODUCTIONS,CHIQ PRODUCTIONS,4-2350 Stevenage Dr,"4-2350, prom Stevenage",Ottawa,ON,K1G 3W3,K1G 3W3,,,20180705,,,FP322,,Recording,453
SAGE ELECTRONICS,SAGE ELECTRONICS,54 Mulvagh Ave,"54, av Mulvagh",Ottawa,ON,K2E 6M6,K2E 6M6,613-228-0449,sage@sageelectronics.com,20180705,https://sageelectronics.com/,,FP79,,Recording,454
Yogi's Meatlocker Recording Studio,Yogi's Meatlocker Recording Studio,58 Merritt Avenue,"58, av Merritt",Ottawa,ON,K1S 1L2,K1S 1L2,613-795-9864,jakelovetart@hotmail.com,20180705,,,FP297,,Recording,455
OXFORD PRODUCTIONS,OXFORD PRODUCTIONS,601 Bank St,"601, rue Bank",Ottawa,ON,K1S 3T4,K1S 3T4,613-237-7136,,20180705,,,FP314,,Recording,456
FAT DOG PRODUCTIONS,FAT DOG PRODUCTIONS,1 Cleopatra Dr,"1, prom Cleopatra",Ottawa,ON,K2G 1E8,K2G 1E8,613-863-7777,fatdog@fatdogproductions.ca,20180705,http://www.fatdogproductions.ca/,,FP318,,Recording,457
PEBBLE STUDIOS,PEBBLE STUDIOS,900 Greenbank Rd Lower Level,"900, chemin Greenbank",Ottawa,ON,K2J 1S8,K2J 1S8,613-778-8600,info@pebblestudios.com,20180705,http://www.pebblestudios.com,,FP306,,Recording,458
Bova Sound,Bova Sound,Mulvagh Avenue,av Mulvagh,Ottawa,ON,K2E 6M6,K2E 6M6,613-228-0449,bovasound@magma.ca,20180705,http://www.bovasound.com/,,FP292,,Recording,459
SHATTERED WINGS STUDIO,SHATTERED WINGS STUDIO,,,Carp,ON,,,,info@shatteredwings.com,20180705,http://www.shatteredwings.com/,,FP313,,Recording,460
SOUND MASTER STUDIOS,SOUND MASTER STUDIOS,9 Antares Dr,"9, prom Antares",Ottawa,ON,K2E 7V5,K2E 7V5,613-727-8740,,20180705,http://www.soundmasterstudios.com/,,FP316,,Recording,461
Bartmart Audio,Bartmart Audio,66 Muriel St,"66, rue Muriel",Ottawa,ON,K1S 4E1,K1S 4E1,,,20180705,http://www.bartmart.com/Bartmart_Audio/Welcome.html,,FP310,,"Recording,Film",462
Sherry Welden Art Store,Sherry Welden Art Store,"600 CUMBERLAND ST, room 113","113-600, rue Cumberland",Ottawa,ON,K1N 6N5,K1N 6N5,,VASTORE@UOTTAWA.CA,20180705,http://www.sherryweldenartstore.com,,FP60,,Supplies,463
Framed,Framed,1075 Bank St,"1075, rue Bank",Ottawa,ON,K1S 0R4,K1S 0R4,613-730-0477,framed@framed.ca,20180705,http://framed.ca/,,FP906,,Supplies,464
Wabi Sabi,Wabi Sabi,1078 Wellington Street West,"1078, rue Wellington Ouest",Ottawa,ON,K1Y 2Y3,K1Y 2Y3,613-725-5648,,20180705,http://wabi-sabi.ca/,,FP63,,Supplies,465
Art Woods Office Supplies,Art Woods Office Supplies,111A-300 Laurier Ave W,"111A-300, av Laurier Ouest",Ottawa,ON,K1A 0M7,K1A 0M7,613-739-3443,,20180705,https://www.artwoods.com,,FP71,,Supplies,466
DE SERRES,DE SERRES,1200 Saint-Laurent blvd,"1200, boul St. Laurent",Ottawa,ON,K1K 3B8,K1K 3B8,613-238-3303,,20180705,http://www.deserres.ca/en-CA/,,FP57,,Supplies,467
DE SERRES,DE SERRES,1821 Robertson Road,"1821, ch Robertson",Ottawa,ON,K2H 8X3,K2H 8X3,613-820-5443,,20180705,http://www.deserres.ca/en-CA/,,FP999,,Supplies,468
AACS INTL GILDER'S SUPPLIES,AACS INTL GILDER'S SUPPLIES,12-1541 Star Top Rd,"12-1541, chemin Star Top",Ottawa,ON,K1B 5P2,K1B 5P2,613-744-4282,,20180705,,,FP55,,Supplies,469
Modern Painting and Framing Shop,Modern Painting and Framing Shop,1315 Richmond Rd,"1315, chemin Richmond",Ottawa,ON,K2B 8J7,K2B 8J7,613-596-5684,edman642003@yahoo.ca,20180705,http://modernpaintingandframing.com/,,FP76,,Supplies,470
WALLACK'S Galleries,WALLACK'S Galleries,203 Bank Street,"203, rue Bank",Ottawa,ON,K2P 1W7,K2P 1W7,800-567-6794,,20180705,http://www.wallacks.com/,,FP15,,Supplies,471
The Glass Shoppe Studio,The Glass Shoppe Studio,C-911 Richmond Rd,"C-911, ch Richmond",Ottawa,ON,K2A 0G8,K2A 0G8,613-230-4414,info@gssflameworking.ca,20180705,http://www.theglassshoppestudio.com/,,FP61,,Supplies,472
Art World One,Art World One,2185 Ogilvie Road,"2185, chemin Ogilivie",Ottawa,ON,K1J 8Y7,K1J 8Y7,613-747-9696,,20180705,http://www.artworldone.com/,,FP68,,Supplies,473
Wool-Tyme,Wool-Tyme,2-190 Colonnade Rd,"2-190, chemin Colonnade",Ottawa,ON,K2E 7J5,K2E 7J5,613-225-9665,,20180705,http://www.wool-tyme.com/,,FP62,,Supplies,474
MultiCrafts and Gifts,MultiCrafts and Gifts,2210 Thurston Dr,"2210, prom Thurston",Ottawa,ON,K1G 6E1,K1G 6E1,613-739-7415,,20180705,http://www.shopmulticrafts.com/,,FP58,,Supplies,475
WALLACK'S - DOWNTOWN,WALLACK'S - DOWNTOWN,231 Bank St,"231, rue Bank",Ottawa,ON,K2P 1W9,K2P 1W9,,,20180705,http://www.wallacks.com/index1.php,,FP56,,Supplies,476
Ear Mark Decorative painting studio,Ear Mark Decorative painting studio,3152 Stonecrest Road,"3152, chemin Stonecrest",Ottawa,ON,K0A 1T0,K0A 1T0,613-832-4099,,20180705,http://www.earmark-decorative-painting-studio.com/index.html,,FP70,,Supplies,477
Beaded Dreams Native Arts & Crafts,Beaded Dreams Native Arts & Crafts,426 Bank Street,"426, rue Bank",Ottawa,ON,K2P 1Y8,K2P 1Y8,613-235-8378,info@beadeddreams.com,20180705,http://www.beadeddreams.ca/,,FP67,,Supplies,478
The Papery,The Papery,850 Bank St,"850, rue Bank",Ottawa,ON,K1S 3W1,K1S 3W1,613-230-1313,info@papery.ca,20180705,http://www.papery.ca/,,FP73,,Supplies,479
Capital Pottery Supplies,Capital Pottery Supplies,877 Boyd Ave,"877, av Boyd",Ottawa,ON,K2A 2E2,K2A 2E2,613-728-0697,capitalpottery@gmail.com,20180705,http://www.capitalpotterysupplies.com/,,FP59,,Supplies,480
Stained Glass Stuff,Stained Glass Stuff,9-911 Richmond Rd,"9-911, chemin Richmond",Ottawa,ON,K2A 0G8,K2A 0G8,613-722-8702,info@stainedglassstuff.com,20180705,http://www.stainedglassstuff.com/,,FP72,,Supplies,481
Wallacks - Nepean,Wallacks - Nepean,11-1821 Robertson Road,"11-1821, chemin Robertson",Ottawa,ON,K2H 8X3,K2H 8X3,,,20180705,http://www.wallacks.com/wallacksclasses.php?loc=Nepean&storeid=10,,FP608,,"Supplies,Education",482
Michaels - Train Yards,Michaels - Train Yards,165 Trainyards Dr,"165, prom Trainyards",Ottawa,ON,K1G 3X8,K1G 3X8,,,20180705,http://locations.michaels.com/ON/OTTAWA/3980/index.html,,FP575,,"Supplies,Education",483
Wallack's - Orleans,Wallack's - Orleans,2-2012 Tenth Line Rd,"2-2012, chemin Tenth Line",Ottawa,ON,K4A 4X4,K4A 4X4,,,20180705,http://www.wallacks.com/slocations.php?storeid=8&event=norm,,FP607,,"Supplies,Education",484
Michaels - South Keys,Michaels - South Keys,2210F Bank St,"2210F, rue Bank",Ottawa,ON,K1V 1J5,K1V 1J5,,,20180705,http://locations.michaels.com/ON/OTTAWA/3623/index.html,,FP574,,"Supplies,Education",485
The Leading Note,The Leading Note,2-370 Elgin St,"2-370, rue Elgin",Ottawa,ON,K2P 1N1,K2P 1N1,613-569-7888,info@leadingnote.com,20180705,http://www.leadingnote.com/,http://www.leadingnote.com/,FP902,http://www.leadingnote.com/media/Image/about us/LN-Store-Front.jpg,"Supplies,Education",486
Michaels - Pinecrest,Michaels - Pinecrest,2685 Iris St,"2685, rue Iris",Ottawa,ON,K2C 3S4,K2C 3S4,,,20180705,http://locations.michaels.com/ON/OTTAWA/3505/index.html,,FP573,,"Supplies,Education",487
Michaels - Kanata,Michaels - Kanata,5617 Hazeldean Rd,"5617, chemin Hazeldean",Ottawa,ON,K2S 0P5,K2S 0P5,,,20180705,http://locations.michaels.com/ON/OTTAWA/3968/index.html,,FP572,,"Supplies,Education",488
